%PDF-1.4,,,,,,,,,,,,,,
%,,,,,,,,,,,,,,
1 0 obj,,,,,,,,,,,,,,
<</Creator (Mozilla/5.0 \(Windows NT 10.0; Win64; x64\) AppleWebKit/537.36 \(KHTML, like Gecko\) Chrome/75.0.3770.142 Safari/537.36),,,,,,,,,,,,,
/Producer (Skia/PDF m75),,,,,,,,,,,,,,
/CreationDate (D:20190724050057+00'00'),,,,,,,,,,,,,,
/ModDate (D:20190724050057+00'00')>>,,,,,,,,,,,,,,
endobj,,,,,,,,,,,,,,
3 0 obj,,,,,,,,,,,,,,
<</ca 1,,,,,,,,,,,,,,
/BM /Normal>>,,,,,,,,,,,,,,
endobj,,,,,,,,,,,,,,
5 0 obj,,,,,,,,,,,,,,
<</CA 1,,,,,,,,,,,,,,
/ca 1,,,,,,,,,,,,,,
/LC 0,,,,,,,,,,,,,,
/LJ 0,,,,,,,,,,,,,,
/LW 1,,,,,,,,,,,,,,
/ML 4,,,,,,,,,,,,,,
/SA true,,,,,,,,,,,,,,
/BM /Normal>>,,,,,,,,,,,,,,
endobj,,,,,,,,,,,,,,
7 0 obj,,,,,,,,,,,,,,
<</Type /XObject,,,,,,,,,,,,,,
/Subtype /Image,,,,,,,,,,,,,,
/Width 200,,,,,,,,,,,,,,
/Height 55,,,,,,,,,,,,,,
/ColorSpace /DeviceRGB,,,,,,,,,,,,,,
/BitsPerComponent 8,,,,,,,,,,,,,,
/Filter /FlateDecode,,,,,,,,,,,,,,
/Length 7640>> stream,,,,,,,,,,,,,,
"xx7^ -HS	""JGBQHՂH5қ`AD","H)~ H"" \.DiDw7~񰛄rw{ʜ93sbw[ts[N#-uԙ^~C+5k؄/ؓb'ܗ8O| tpYΌk'G%F&>}tm|+1[ܐΘ)[g]ciK6FWKxXں:u[bzRǜvQgp2Jْr:Z]z^ǹo>y%uрGlI6p$8~;$4-q^?+T@+y^8д#ɗbG7Zs̒z)iIN{j6=l1C",,,,,,,,,,,,,
Y⎌VCc*vpľZ=Wo4v$ JOwa&aE/DLM Ƕ&,"r^pv/%*8މm>N˕r\=\;P|1U.tJNl<mKGftGm.vlw-햱m#Ƿ)XiCM$iKNw-꟞< 3qNW\V3eSOQ6_X(`|u;ےcuⓛJRiO7<e gJ""?ߥ~yӞ<O죶}nǔ޶S0W>1EҺmscZK#/D}'1-5l)SZ:",,,,,,,,,,,,,
"l/(_򶹮0qeBsYԿpߤ81ʖ6ysoǰ'mֆ7?	Ge?{|ebҝ=UȇlZ:sbBr`=CM}ԯ$92/YvVtWOn.T.G_w{df4΄Z",,,,,,,,,,,,,,
Zy+(V(hC*]|5<ĲŋΞ$[qY.暨jݚԺ/zK&Mc̘M6{ɓ'1}wQ^ꫯzi+#A\&f$/tيUU)7WfYwԩ,"m׾fZuANX{ޤa^pF=3uMpwEñaÆ;W\gkY\nCĉWw[竾Ov)XD@`@)oE)%M9w\dd$>0[5JHH<xhD|({f]V\Ęo:kc0w_kO""0?^R[_}^qӅlX",,,,,,,,,,,,,
!w}WH6mڤ6|!ǎkмb[VwjUL=X<KO`&-L:hՌ,,,,,,,,,,,,,,
Wrve4xSl/,,,,,,,,,,,,,,
9}s1UݹUgu'sg\l/'6Z܅Wv_B%.6AD{׍'[Sq:rŋ3W^:uܹs޽Gܹ366Bݿ6^pa[nݞv߾}ǎ#!JAزeرߏ%>9Sp2كc(xlJOj.|ʚkﺣBPeB,,,,,,,,,,,,,,
VxIiif&Mzϝ9F_ݾrGyL2y,,,,,,,,,,,,,,
ƍGGG/p*ǍG_!!!:7,,B,,,,,,,,,,,,
,Y4Ty.\d͛7[WʛƬVZ|d,,,,,,,,,,,,,
*VիlR+R¼s܉&KK~/hzߧM6>跲mP_OW})u-RX,,,,,,,,,,,,,,
u*U㉽p,,,,,,,,,,,,,,
o.X *,D>x(8w\hyFB4ɗpJʕM(ϛ7s[Xw-Y:t˄%,d\s&:Xr9o֪=P2뵂?mݭ,,,,,,,,,,,,
"!n77HaK}676-e˖lg{wTeh!-B2g؇Bj+h5p@???z`W}Ř\tMvJnYj鲫I~nsݺ(>uXϜ9CQlȑzmۖ.]SOuѣF*+""hOV;""v}6*[/_AwoZj kcG[đqRPa",,,,,,,,,,,,,,
"%Tj""$GW@",,,,,,,,,,,,,,
&ӽxs^W4NE[hQSC 4kԩS.<ڷ2Wկ,b J*%qPa+ZpݲhѢMپ}ٳgj,,,,,,,,,,,,,
ng( ntʕkԨQwj!X\<1p{ e˛)6mҔZZhpKw?p͑uzD,43A=~#[7e%f̘a]HxEbJEzA_,,,,,,,,,,,,,
pAA;v/=)a=52ؿWZJ:0bĈ~e~zagR3>K4LJLv[Ѐu.`ۀ:Vp)uJc{U^7ϸGo/YQDÃI111 >yǏ_`_{-[✙Ms) [޾+,,,,,,,,,,,,,,
`#4mڔeE,,,,,,,,,,,,,,
V\=,%37x2hZV\yHnaA2󟉉}k΀UkЁCkֱekQֽ-h@#RƏ~kVRXBA;?Y$okO4I3/53Uj+V!ؑԪUv* ,,,,,,,,,,,,,
,,,,,,,,,,,,,,
"ˢsΑwoܸqӦMw$XpCرcX#8JhG&&yrm	ԽK/rÆ",,,,,,,,,,,,,,
{yJI!f4URɂ0(uWf#Q*b,,,,,,,,,,,,,,
"z?<=Ù*FYRR~oC4'""ʄc(܋e11֍Ztwf]r;S266S>XPVu͚5C5kfV6?֭[ys-[6::2L",,,,,,,,,,,,,,
z(yGTk/,,,,,,,,,,,,,,
"#c'NdORRR>}PL1z1]4~IڴL/{ih_$#	H'zbԩdPW~YٳSNߖ","YXST^vX+_K.3G8t<g4ba+~ T._Z>Kk1'L`>ft^J(*T""$G1|~xdN{ё>`͠j~g+(~xcܪTB@NgW-|QE|U&Ič)S̠l?BU-rX42d;w-DQlʔ)ŀ+1","=Y W3g{to	m@8_ʼ]ǂ)u߾Y_Rqe1M_{Բ",,,,,,,,,,,,
;`Y&|׍+y,"+oR-[s:^m_+7RX2QR\	R]\π",Yb|ЮER$;_׬Yò5_tDd:m>]w݅7&g:8 tNy«-Iֱ{&uO?TF,,,,,,,,,,,,
f4uH榓g,,,,,,,,,,,,,,
" H}MU!9g1\~=o!3i/ќ%.%H	nJc~yD7vW;wztk+C\/ 5b?M_ݩS'""\ HH#mڴJ<6T]tRgϢ.{yX2Bf @/]K2|_A.~^x+ANBudEƓQP hnZ_bp'JF3(15D^+(""Ha	(rH",,,,,,,,,,,,,,
"ƺ%f}	jU=K>G1}Y/C;51ޣԕRx0v8$Aرʌ8RFr+s\ye˖]N>",,,,,,,,,,,,,,
4'NHDy<'<V6^z,,,,,,,,,,,,,,
".ISep(b1yk_ yxJdРA:	d;0rRJ~""",,,,,,,,,,,,,,
ѭ9Tpo߾۷DMDF|bp,,,,,,,,,,,,,,
}x9MDtСC6m*(2};_>g0`:p2j5Ҍ;T$,wшbs8v,,,,,,,,,,,,,
(*ZڠASG1} SZ`[DnȑҬ:̈3фI%sԋ=_B@w1wu0>Dcƌ$;Ve8m۶=rlAX򒏨Kz<yzF@ބDMC2,,,,,,,,,,,,,,
eC,,,,,,,,,,,,,,
$ ,"V&ei+ehFRFB;	vzxa7",,,,,,,,,,,,,
`sߐ1-H-͉,vZo6YLGqfAh,,,,,,,,,,,,,
tax!դIZ0 a,j,,,,,,,,,,,,,
"~aA:""+qEz|Ik*",,,,,,,,,,,,,,
"\am!zd(?~ܣaEJaj\""cX 6cGe3+W9[0%IXtc8Pܸq#jbdܹ8y'ͥĠh_.	*",BQ H֥'PXͥKbIe#,"ҺF\%T藵Ez❼""'	~ByذaC=M67}jٲeR<3HS9oV<qve%ah",,,,,,,,,,,,
"{r""a+Yf1d؋\LFDD\Ŵi5",,,,,,,,,,,,,,
;?Ź5oޜ厊d&B27T!3[^؆ dn ,,,,,,,,,,,,,,
"W;HnkPaNLA32}tFHXJ([W^z6(&ۭ""X",,,,,,,,,,,,,,
"!	k]vh<jdeo0sȏ0R""Qm޽MM2eʨ;;6",,,,,,,,,,,,,,
>o޼,ߒ ]xl()%̰.˙աT9x ,z*´r?M{k;cʖ,"q%Ɂ!ђ>&M0{ӐOqM+s""vI˽&WVȉ-;4a	7",,,,,,,,,,,
"p+HvkviƼ@<A$uT;%eB3K&˭LQ{8.9&ЅXLYftUVy˨!$ ǗґmI]A12tڏ>C ?8dj&B̲ZӚ裋]^yqYBϤSWޥ?}ы7:""=pwѺF3۬ezxѢE焧AٮCuW}$Pڂ6#U^]KЖqMw6mڤ|Z""xXGxxPAg^B;H+"" E1ekñsIq6=p[\Y9d.",,,,,,,,,,,,,,
Ix.1hD矗CmM6=R(Rݲeg`,U݋ͼq_z71M_,,,,,,,,,,,,,
"pAVNp֭mޏM>k_~F;Vt*.yں<ܓ1S<	Lr",,,,,,,,,,,,,,
"m`KQGdz*yN?@pW[Әp؎kT7u#9yf7PbCS%󈇄Nnڵkh$+q_	*W\4n(x뱴_	5I|}B	",,,,,,,,,,,,,,
"g^֮]K%K\eyV7ADFU4Ù)sŕa(l`@FC>I'`cǎYLe5iCU1WfSVPv1l09Es&L+	/'8A`Ȁ\ZNLyO'/%嶤78u5b\",,,,,,,,,,,,,,
"$nFC.;<yg;sիW[@	R2dw;+*V","=x;V9/&0Aä
%#yQiPZ^fb<Hܧ9q",7kLY.L/j\uؐi7riVwt,Ҏ8. ۷W`ra:;\Y!Q2 r+,,,,,,,,,,,
"1֯_rӭٳg.]ZcA={""0#(""+(Խy",+[%`;L%,,,,,,,,,,,,,
"Z\&:tb!+XE@v!	k/a8p@V9@ًUHĞKPȘ˄1L2;e+OoIuI5j$ZXȏIH֬YC6d",,,,,,,,,,,,,,
0a,,,,,,,,,,,,,,
,,,,,,,,,,,,,,
":5jt5y$_@AcL#PL.1ʕ+Ce;<lV& N2{OC.FĶLbX""m)_̉>PCBDڡQ|#F`^V2^ꫯ:5jXU",,,,,,,,,,,,,,
"9bsZXR	jrUTg}&6GN?LC",#7PBxW/D79,,,,,,,,,,,,,
pΘ103~yӪv!4-,,,,,,,,,,,,,,
O tYfÆ,,,,,,,,,,,,,,
*ƍ#h{#e3|V{GvG4aBh[D:rdR)z͆6q,,,,,,,,,,,,,,
@2a`3fQHoYn& F+v;9s_b,,,,,,,,,,,,,,
%a:t8Hȹ5KdZoh83`?<yrΝիG6>|ѻ2:NI^3FbKpK/]ɬ>}|yL*,,,,,,,,,,,,,,
ճp)&.њ_@ Z~]ѻu%_h!L(ǡ,,,,,,,,,,,,,,
XݺVfTǶ+z,,,,,,,,,,,,,,
"""w",,,,,,,,,,,,,,
"A~];KĉݟCL@&3˝G4nXł3O	r aѼp哿贒C\Ucǒk72)xJ79pwF޽eB	Y""r_f-d7zUd68""ٳ9Odĉ*mРAv?O<D+R\99a?Gv*{>ՈIo=:ydzxxE֮]{k׮J",,,,,,,,,,,,,,
endstream,,,,,,,,,,,,,,
endobj,,,,,,,,,,,,,,
8 0 obj,,,,,,,,,,,,,,
<</Type /XObject,,,,,,,,,,,,,,
/Subtype /Image,,,,,,,,,,,,,,
/Width 164,,,,,,,,,,,,,,
/Height 33,,,,,,,,,,,,,,
/ColorSpace /DeviceRGB,,,,,,,,,,,,,,
/BitsPerComponent 8,,,,,,,,,,,,,,
/Filter /FlateDecode,,,,,,,,,,,,,,
/Length 1477>> stream,,,,,,,,,,,,,,
x[;]G] NLf8,,,,,,,,,,,,,,
"m@28`DRfp""",,,,,,,,,,,,,,
fp^Uw;<-_w߾U}ӟ;rͿ/y>??ϭ,"Z7o~Zon""wϾןώ(Fǿ Q:!", h0?=tU |5Я;q~r8dQN:rδ寿,,,,,,,,,,,,
ܗgQ@'?22<29raEz`O,,,,,,,,,,,,,,
PN1B7#đ5 e:(1pm0n2PF?YHx5,,,,,,,,,,,,,,
\uXÉ_/.b$gX>cPqQpF8/k98[DeyJ+J`Z+.EY2?VI8xְk5\9x_+)3xFCJR޲Q&̒*Va,,"Epw_tZX/{4) aF?A>C	9CH1`n~ltbD`t-|er#Ӆ2",^]Kh]c} P,,,,,,,,,,,
~vO>hTT3A>\hAbdp\)#BQ:A7n88p7hن&cW*S[HWyՁNS`-\[vmuiy{ZBxq˗ pY;О)ϿނzTxOAY2;nsP y&N7>,,,,,,,,,,,,,,
"`dh+FY	:;xD_e",,,,,,,,,,,,,,
.n ,,,,,,,,,,,,,,
kw̻VЅ,t_GzTאf)։l[u7M#3Yy\Ǽ=gIu ;ljC39d1o7+B+قAK/tqX,,,,,,,,,,,,,
' ^_qf;]+5n޽r}JWدEHnE.j^u6kN,,,,,,,,,,,,,,
G:{d4n|FjF *,,,,,,,,,,,,,,
j \\bcF^ǅZPO.qC:v޾uRm;_f,"ʪub0qapbYAiErxGXǰ}<\ԡL>`>ԝpGV6W?mtgE 	BJ`f.tbyˮ3Ix¦N^yk~xΌĥʎO2p٬zgԺ@_=ם|'CyfQuk%",,,,,,,,,,,,,
"Yz.z)ls!3s|GK<sQ'	ʌi",,,,,,,,,,,,,,
U'*[3tpHAhڹ<7TG!Z]͡/OI8W,,,,,,,,,,,,,,
endstream,,,,,,,,,,,,,,
endobj,,,,,,,,,,,,,,
9 0 obj,,,,,,,,,,,,,,
<</Type /XObject,,,,,,,,,,,,,,
/Subtype /Image,,,,,,,,,,,,,,
/Width 3,,,,,,,,,,,,,,
/Height 3,,,,,,,,,,,,,,
/ColorSpace /DeviceRGB,,,,,,,,,,,,,,
/BitsPerComponent 8,,,,,,,,,,,,,,
/Filter /FlateDecode,,,,,,,,,,,,,,
/Length 11>> stream,,,,,,,,,,,,,,
"xc`	   ",,,,,,,,,,,,,,
endstream,,,,,,,,,,,,,,
endobj,,,,,,,,,,,,,,
10 0 obj,,,,,,,,,,,,,,
<</Type /XObject,,,,,,,,,,,,,,
/Subtype /Image,,,,,,,,,,,,,,
/Width 81,,,,,,,,,,,,,,
/Height 33,,,,,,,,,,,,,,
/ColorSpace /DeviceRGB,,,,,,,,,,,,,,
/BitsPerComponent 8,,,,,,,,,,,,,,
/Filter /FlateDecode,,,,,,,,,,,,,,
/Length 631>> stream,,,,,,,,,,,,,,
xOAr`zb^4,,,,,,,,,,,,,,
/ĤIiSiL61-*4RDjA(t[22,F$a3;;>?fr4RbidFˢ5_p8:&qM%dd4i1#lL\nʌ6^F@*4ҐOolS** ,"d%	Wߺ?Ka""oG]VDm'{l2{]S͉L拺fӓ.|W&QW륳L|ljk?&<~2R0_|'q2zѴd*&jelY6º&uϽFTvS?+A&2)2X3aѝY",^aK:mI7'K)mۿ?v{TFphӦ%cr^O\|R.2R/ٙ'~bw}AO[]qiEY g**%3K.8̎%2{Ap/1\0I)R]%ܒrrLwtG.j^p}־<|oBI~{,,,,,,,,,,,
endstream,,,,,,,,,,,,,,
endobj,,,,,,,,,,,,,,
11 0 obj,,,,,,,,,,,,,,
<</Type /XObject,,,,,,,,,,,,,,
/Subtype /Image,,,,,,,,,,,,,,
/Width 71,,,,,,,,,,,,,,
/Height 33,,,,,,,,,,,,,,
/ColorSpace /DeviceRGB,,,,,,,,,,,,,,
/BitsPerComponent 8,,,,,,,,,,,,,,
/Filter /FlateDecode,,,,,,,,,,,,,,
/Length 483>> stream,,,,,,,,,,,,,,
x1O@,,,,,,,,,,,,,,
&,.&ƅ0@]ԄV%! `ME(-Տ^h,,,,,,,,,,,,,
"8(%^>6TŸ;`.(ck5R=#`1[yCƶv9ʅ}1eƚ.9.{3tfG1EyZǸT|{t5VtcJX:ǘ31
8[NRB s䈢M0`!J^ءRꭞQA*W[%, IT?_:TJCrf \Tc[B'M!6SI",,,,,,,,,,,,,,
O)ءw|>s=ۤNR\TePl~/ZC,,,,,,,,,,,,,,
T@6!HGR842F,,,,,,,,,,,,,,
"zzJYV\K@6I#w}Ur(\NtB7 <""`0L?``hc7V}",,,,,,,,,,,,,,
endstream,,,,,,,,,,,,,,
endobj,,,,,,,,,,,,,,
12 0 obj,,,,,,,,,,,,,,
<</Type /XObject,,,,,,,,,,,,,,
/Subtype /Image,,,,,,,,,,,,,,
/Width 109,,,,,,,,,,,,,,
/Height 31,,,,,,,,,,,,,,
/ColorSpace /DeviceRGB,,,,,,,,,,,,,,
/BitsPerComponent 8,,,,,,,,,,,,,,
/Filter /DCTDecode,,,,,,,,,,,,,,
/ColorTransform 0,,,,,,,,,,,,,,
/Length 2647>> stream,,,,,,,,,,,,,,
 JFIF        ,,,,,,,,,,,,,,
,,,,,,,,,,,,,,
,,,,,,,,,,,,,,
,,,,,,,,,,,,,,
,,,,,,,,,,,,,,
"""",,,,,,,,,,,,,,
,,,,,,,,,,,,,,
,,,,,,,,,,,,,,
,,,,,,,,,,,,,,
,,,,,,,,,,,,,,
,,,,,,,,,,,,,,
"   m                	 1       !""1Wa#AQ3qr$              2        !1AQaq""2B#S   ? )))))",qmwn[.Hσ1[o?SB<$B7f1\VeFm)GrTV,,,,,,,,,,,,,
vOMOR⌤h#}7Y*f-;g%Ɍ89,,,,,,,,,,,,,,
"XmO[\y懠RtE3tI>Rf8 i ->T8!RIH/D	ɅAeHb/qKOA-q=?+VY""Q>[Vݻ+fq_ۊTD ( pCqRl#-ܺFېZ#:nEnsH	J",,,,,,,,,,,,,,
 `]H) /ZqB8,,,,,,,,,,,,,,
ՌqP)5u,,,,,,,,,,,,,,
J-*;NO,,,,,,,,,,,,,,
},艥Ǹ,Ygj,,,,,,,,,,,,
"""D$""2d",,,,,,,,,,,,,,
`OoWiW+Xߎ=:F34;OqEoxn-6\HKLBVO֥=]?ujޣZā'NW=V_Wqq~dƽ2x'Sȯ qwJ-*|,,,,,,,,,,,,,,
ąU,,,,,,,,,,,,,,
J 9=e}x7ڇ_걫4Y*>Ɯ  4EM5w,,,,,,,,,,,,,,
{~6BW~`׾h|,,,,,,,,,,,,,,
]^h>}BW~`׾hO0kmPh.QO{W۟U{2Su''G d2XmM0RR\X p ,,,,,,,,,,,,,,
B,6 QnU*Mi,WTTON2X6S;PF,,,,,,,,,,,,
"l~NOhYfj0jpzT)""CKo))8)$kJvito;I9]]8YZ7xlx^;zGErKs)c1!=Rnx",LUOHˈ؞}\8y.Նہǀ ^ե!Zu>Ef%2oyҚm@8,_Hgx>ҡla`7r<Hۇ6[FF*,-0\<$),,,,,,,,,,,
%Ic?U]wOw,,,,,,,,,,,,,,
JDdsw,,,,,,,,,,,,,,
"z+d `qP*Jd6v>j\2ӑIqcr\)W[p̺.FJkHp3P(9pK=WӴ͏hU+w""Ժan?Y NK?mޭV4ٛ""NrI^W^T:jJˈQ8NO",,,,,,,,,,,,,,
#pf1PaTҜm9qj6D$ ԫ[14BRyG`!KʎW9#4Dc=r&.Mɼ*FnےhvBԢR6Z=^n׭e\׍w1{E>TFz=,pM46wmV,,,,,,,,,,,,,
"AKKAJ\Z.1Q	JqY9Pol/uպ|i<jIl: $@	IRA5iY?qggs}[LNhaa8H nûiO$kV觉B|ߦ]U|~~PFw*Z;""[^6vG-K]Z=ZKY$",,,,,,,,,,,,,,
" AYab""ɘ0Aj",I-f yi 9nźJlP(,o=.:!)Ok\)I Uh86wP$#m]kroFata6,,,,,,,,,,,,
)_<AV;֛6VoO1 B,I^[ef;&AT޷\,,,,,,,,,,,,,
8pVG ,'$5bfVEwU,,,,,,,,,,,,,
"KRRٱ $g vAZ?gsjo$5	JY䔰JZI ecCצRGyӴT$) =he%*r;航y-ĦVPEOJ+jpuSD6p%)*# wƈ$",Ӹ[2ڣQ͜gO,"(@KF⽼7nfZI""ݨ@Ee!!l2R@{h{I|W<4RJޤV/+b\[mPj̪Cf9R8Jy`rE)&˼oc*mi_1IDu-kQWn^POEk",,,,,,,,,,,,
/,,,,,,,,,,,,,,
endstream,,,,,,,,,,,,,,
endobj,,,,,,,,,,,,,,
13 0 obj,,,,,,,,,,,,,,
<</Type /XObject,,,,,,,,,,,,,,
/Subtype /Image,,,,,,,,,,,,,,
/Width 143,,,,,,,,,,,,,,
/Height 59,,,,,,,,,,,,,,
/ColorSpace /DeviceRGB,,,,,,,,,,,,,,
/SMask 14 0 R,,,,,,,,,,,,,,
/BitsPerComponent 8,,,,,,,,,,,,,,
/Filter /FlateDecode,,,,,,,,,,,,,,
/Length 2976>> stream,,,,,,,,,,,,,,
"xoSOVD)PN$V*ҴHThJANPD		&!Cvg%+Yqgs6'vC?~'ܾqH뻜=s.?n_aג)]9 0?x+'d李W^2A*Pj<gI^ť^O[{of~Oι8p;5?>6:???77)-.qVFO|&M~TRt<UZZZ>%S aڂԪwf",,,,,,,,,,,,,,
63kq:CضP-,"--Pߜ=vH0ʌ'NOOwttTTT׻\.vՉ	>U`jj>?mN1\li9P#!ģKSS[gwwwqqqaa!\^|YVZgv`` R--Ξ)vDtnsRN̕w2Xra	]",Cq؎U9X!<k+x[[~ʕ/~j˗GFlҍ7o1;88Wgjj'ObGTPHT.C% q,"ͻvuu1K.):@IIIfv܁ԋ/ѿH	tN^p'~r3%%ڵk1WޓVUq6w2Ǜ]FʷCQ߅a&xD",,,,,,,,,,,
>DHV(,,,,,,,,,,,,,,
,,,,,,,,,,,,,,
,,,,,,,,,,,,,,
XA%C1dϺ}x],,,,,,,,,,,,,,
bG0)3,"l..\eYK;DMꔿ;""","	8", 򗗗(M@622BdQ۠n]]>¢iJV#X,fZ_6!&,,,,,,,,,,
")9#L+TxܣNз65H<-¢b +X gٰ@HIHQTUU6/H4!a!	dC1yXjЎF ֈ˅«Zr1)r6;mNЄ	n\3c7e	G޽5d~~>1 ===#(`^\SSC: P(@vjNDѬ",f*QO.).r()P΁4\܊i hG3LǒG~k/؟f,,,,,,,,,,,,,
1= 4Kff*F%_Q^zw ,zE,"47Չ	u\#١jPTӒ'4u0ObKn02",,,,,,,,,,,,
"qM$oG4##HQHJʟmn ]e茂xɖNq^!Ex-""|Tw؁⢹ =Čı;ww߿>|OaR2.Ih/d/ +tdPeOP4*KX\NCv",,,,,,,,,,,,,,
"[q5RSS3s[B cED&0TF>_)++#	",BOEdkjjz1%# ~kk+ H>p)XVI$N۳,,,,,,,,,,,,,
=,ŋh/8 B1N;[fRۄ[%Bͅ0,,,,,,,,,,,,,
"2_!.	W[#5TYtX`G",,,,,,,,,,,,,,
"u@*^ZZpykeeIq1幆ouU0ib`NxsX!8;:支̩BJ92˯sYGď3&|K`I V58vV+qBί惴A	7n&",,,,,,,,,,,,,,
"j}L6ħԏ5 ++H8wHHE%^""""6t?Pہ&&y]CUZZ -0(vGߪ) p",,,,,,,,,,,,,,
"sI1dQ7%	LFkM`	/0	/ؐ0;T8)`!uV	O7a%""l9C!F",,,,,,,,,,,,,,
!K̤~$un7,,,,,,,,,,,,,,
_~-%o̐ R>,Lę!H,,,,,,,,,,,,,
p,v$Ex2yؤN4@񸽆uzAX^(EZ<&EÒ}1aMޕ\xa,V^VPvTn݂EGGqwapXᘄbuaSBek/PJvaxy-Oww-l\.<lt{+0Rǆ0gcLiM0s+>3,FjCJOU5)Ka;ITdP_Rw|J{b3,,,,,,,,,,,
"aWʷ^܄}*fX8#oa$a$C族KcuukSAڒj؜p 	)1233#M<k",|%H*ևs۪m<`kjj̯H, e~fŸPc,,,,,,,,,,,,
s9sJKKhVҺd|O!},,,,,,,,,,,,,,
"bV""O",,,,,,,,,,,,,,
a%Z-@̰e,,,,,,,,,,,,,,
"%S""ܡM0E4ů0",I2/C!+H+V.e73crx|ęk@eQBbi!ݓmçEF!eb=Pko;,,,,,,,,,,,,,
"C_$5*XG	W ",,,,,,,,,,,,,,
1v;$Q4aV/Q[YSCq!_1gjRʚu0ż^/ F9s-,,,,,,,,,,,,,,
"NQU	ݑxִ1LdQa`aXփX\| +8( cSgdٜN",,,,,,,,,,,,,,
"F{s?kѿ}HfF_\{d(6R|UccT]]쉚ߞ*աDKKKKKKKKKKKKKKKKKKKKKKko_	l",,,,,,,,,,,,,,
endstream,,,,,,,,,,,,,,
endobj,,,,,,,,,,,,,,
14 0 obj,,,,,,,,,,,,,,
<</Type /XObject,,,,,,,,,,,,,,
/Subtype /Image,,,,,,,,,,,,,,
/Width 143,,,,,,,,,,,,,,
/Height 59,,,,,,,,,,,,,,
/ColorSpace /DeviceGray,,,,,,,,,,,,,,
/BitsPerComponent 8,,,,,,,,,,,,,,
/Filter /FlateDecode,,,,,,,,,,,,,,
/Length 239>> stream,,,,,,,,,,,,,,
x `%ث86d9l1P@A),,,,,,,,,,,,,,
Y8Ml:np߂djz9~\.uz<gFer+D{'UQHUŌ).[=M8ѻ]Œ#.(g,,,,,,,,,,,,,,
nyca-cѪh5S9F);J*9iĩ>誒]ky  ǖ,,,,,,,,,,,,,,
endstream,,,,,,,,,,,,,,
endobj,,,,,,,,,,,,,,
15 0 obj,,,,,,,,,,,,,,
<</Type /Annot,,,,,,,,,,,,,,
/Subtype /Link,,,,,,,,,,,,,,
/F 4,,,,,,,,,,,,,,
/Border [0 0 0],,,,,,,,,,,,,,
/Rect [41.199543 673.23517 104.637184 692.75446],,,,,,,,,,,,,,
/A <</Type /Action,,,,,,,,,,,,,,
/S /URI,,,,,,,,,,,,,,
/URI (http://www.godaddy.com/)>>>>,,,,,,,,,,,,,,
endobj,,,,,,,,,,,,,,
16 0 obj,,,,,,,,,,,,,,
<</Type /Annot,,,,,,,,,,,,,,
/Subtype /Link,,,,,,,,,,,,,,
/F 4,,,,,,,,,,,,,,
/Border [0 0 0],,,,,,,,,,,,,,
/Rect [155.265289 617.11731 234.56233 625.65698],,,,,,,,,,,,,,
/A <</Type /Action,,,,,,,,,,,,,,
/S /URI,,,,,,,,,,,,,,
/URI (http://www.godaddy.com/)>>>>,,,,,,,,,,,,,,
endobj,,,,,,,,,,,,,,
17 0 obj,,,,,,,,,,,,,,
<</Type /Annot,,,,,,,,,,,,,,
/Subtype /Link,,,,,,,,,,,,,,
/F 4,,,,,,,,,,,,,,
/Border [0 0 0],,,,,,,,,,,,,,
/Rect [361.43762 591.49823 454.15417 600.0379],,,,,,,,,,,,,,
/A <</Type /Action,,,,,,,,,,,,,,
/S /URI,,,,,,,,,,,,,,
/URI (mailto:ccavenue@secureserver.net)>>>>,,,,,,,,,,,,,,
endobj,,,,,,,,,,,,,,
18 0 obj,,,,,,,,,,,,,,
<</Type /Annot,,,,,,,,,,,,,,
/Subtype /Link,,,,,,,,,,,,,,
/F 4,,,,,,,,,,,,,,
/Border [0 0 0],,,,,,,,,,,,,,
/Rect [179.05441 474.38257 246.76189 481.7023],,,,,,,,,,,,,,
/A <</Type /Action,,,,,,,,,,,,,,
/S /URI,,,,,,,,,,,,,,
/URI (mailto:madhsunil@gmail.com)>>>>,,,,,,,,,,,,,,
endobj,,,,,,,,,,,,,,
19 0 obj,,,,,,,,,,,,,,
<</Type /Annot,,,,,,,,,,,,,,
/Subtype /Link,,,,,,,,,,,,,,
/F 4,,,,,,,,,,,,,,
/Border [0 0 0],,,,,,,,,,,,,,
/Rect [407.18591 233.44159 456.59412 253.57086],,,,,,,,,,,,,,
/A <</Type /Action,,,,,,,,,,,,,,
/S /URI,,,,,,,,,,,,,,
/URI (https://login.ccavenue.com/customer/customerLogin.do?command=navigateRegistration)>>>>,,,,,,,,,,,,,,
endobj,,,,,,,,,,,,,,
20 0 obj,,,,,,,,,,,,,,
<</Type /Annot,,,,,,,,,,,,,,
/Subtype /Link,,,,,,,,,,,,,,
/F 4,,,,,,,,,,,,,,
/Border [0 0 0],,,,,,,,,,,,,,
/Rect [485.26303 233.44159 528.57141 253.57086],,,,,,,,,,,,,,
/A <</Type /Action,,,,,,,,,,,,,,
/S /URI,,,,,,,,,,,,,,
/URI (https://login.ccavenue.com/customer/)>>>>,,,,,,,,,,,,,,
endobj,,,,,,,,,,,,,,
21 0 obj,,,,,,,,,,,,,,
<</Filter /FlateDecode,,,,,,,,,,,,,,
/Length 3209>> stream,,,,,,,,,,,,,,
x[[o,,,,,,,,,,,,,,
~J@Q8m.E()Qr.v$8cy$(%R-~oԯ;S\)y9l,"/[Ito\rXF_~i//\`v?U텚>~|/y1:~|yDI|Ç]ƅ9q$So~anD!POQ{S;9$DiEމ=K""kKdylKeDy|lbN<-BYݚ?{z",,,,,,,,,,,,,
"ҿa2~71ᙞ6?	I!O2;3itwbs fʋ$Q<0	ֿ>Ŧ/tKeOm|هY&+~^ߜIϋt8˸<9s&&Qu7kB2ƕ:]LV]Fo.t#4EP  l|tI",,,,,,,,,,,,,,
d7qoǼnˢS=X%%k!D;buϜ)/,"ūD/0¼Ƈ;緒3Eނs3TyO'!M͢VBɤHu:C`g 	̆g_Q??`ϖFlem7B~<PHI",اޡ+s?]J,,,,,,,,,,,,
f!ƇWYb+]ɕbUyr1C7:]K gx3QP?^xiӃBA|ʎH0B<%Viu΢D,,,,,,,,,,,,,,
"5ۖTӤR2xgF1	\.;s;YUzHAcC<sѣF$?+Ԕ)I",,,,,,,,,,,,,,
;Bh,,,,,,,,,,,,,,
¾TXgH2XH>y5,,,,,,,,,,,,,,
4n+Sgqd6Km,,,,,,,,,,,,,,
"R ca(處 xEse3O2lT&GO`W\.؄@gԣ&)""_4Xw&&%^*fϔdK0 iyWZl",;qfn:X iIܬ휬P,"=49ڔo}<cg{Ju(<qt+I}%>ELPN-(CF0d>41br9xi)PX/D&z@I1cS_^Ǵ(zsF1ѳb2$JBZ\3TTpLkPF	v&",,,,,,,,,,,,
" :$D{lW~ŴBB5rU<7r@""K5HZ}Ǫ.ݟhuCfYv+pT^6Gez4iP;İM5h7HN3tfN:'5z=N{YCTgzVWۇujJJ?NU&pjto&֌sj׍tcRP=W'rgn}'ުruzãzuu1ά<&<٩;<mMxyrm@:",,,,,,,,,,,,,,
"	.An'6^)/L""8Ks}94N&",6&*Y<߳9V{*D)ͤR:.Zt*]DW|`r\m9 ~Ù]kC/eK!0ů2z5WF%,,,,,,,,,,,,,
:]EdsOPf{QFnTr>gYio8KMnVL=~=K00d766̋t6`p\19{Glfp`KUVΚDp+J,,,,,,,,,,,,,,
"EAkuurGp&6nOn1)Q45rMPq!lxp58ނ^kAچ0;q0^qDn	b1nuJkO=j(yER3$)#mmA3xN4ӊ g=OVL.ZhqԖ֗q7r*Vjr855cA.Nv[ݛ4U~&p<6dꕳ9Tk%:E^A]g:K WJFE>/7 %7.DiDCW8ݏ#N5ze",Q7^.~ ]. aݞ$A,,,,,,,,,,,,,
4>4uLׯu cٕ5ۘ,,,,,,,,,,,,,,
Whޙp8w|p$Ju;uKo'PLk((#{&FZ~X-av@%6/qBwK\옽t\}&5Rsiv1|eqzqU&4нKurUw ,,,,,,,,,,,,,,
"""Cu{vV5at'<Lhl[{fTV]g(<\&D!Ȉ|;sOOѿS* ߢe}>.RA2ҾO@",,,,,,,,,,,,,,
"~u>BYd]$)PUe""e?}WUG䗧[c;RD]Rsb{-*(8|ag;LP|P>Ĳ\	5{^7V.iH>&3NxgH^3zN;^U6)&;:P\su",,,,,,,,,,,,,,
"WR(_Lcfwd^zy)ho	3W>Ov[;m*z1[tcQ?8>k7 .Y(ͨH 4U=+%lb).|4u+_""ƶRIjW3'L==B!ݴzPy@Frɕo_ut%בj?9<gvK[כdSMߠQ&^%IظzI&Hd",,,,,,,,,,,,,,
<lj)ao{*k=on'W-b1mJ47F0(ٯm<{soaкl)xg,,,,,,,,,,,,,,
\P}mO.XגlR<L(<4!nhi3pB{7 -s95lL~x/qfF,,,,,,,,,,,,,,
endstream,,,,,,,,,,,,,,
endobj,,,,,,,,,,,,,,
2 0 obj,,,,,,,,,,,,,,
<</Type /Page,,,,,,,,,,,,,,
/Resources <</ProcSets [/PDF /Text /ImageB /ImageC /ImageI],,,,,,,,,,,,,,
/ExtGState <</G3 3 0 R,,,,,,,,,,,,,,
/G5 5 0 R>>,,,,,,,,,,,,,,
/XObject <</X7 7 0 R,,,,,,,,,,,,,,
/X8 8 0 R,,,,,,,,,,,,,,
/X9 9 0 R,,,,,,,,,,,,,,
/X10 10 0 R,,,,,,,,,,,,,,
/X11 11 0 R,,,,,,,,,,,,,,
/X12 12 0 R,,,,,,,,,,,,,,
/X13 13 0 R>>,,,,,,,,,,,,,,
/Font <</F4 4 0 R,,,,,,,,,,,,,,
/F6 6 0 R>>>>,,,,,,,,,,,,,,
/MediaBox [0 0 594.95996 841.91998],,,,,,,,,,,,,,
/Annots [15 0 R 16 0 R 17 0 R 18 0 R 19 0 R 20 0 R],,,,,,,,,,,,,,
/Contents 21 0 R,,,,,,,,,,,,,,
/StructParents 0,,,,,,,,,,,,,,
/Parent 22 0 R>>,,,,,,,,,,,,,,
endobj,,,,,,,,,,,,,,
22 0 obj,,,,,,,,,,,,,,
<</Type /Pages,,,,,,,,,,,,,,
/Count 1,,,,,,,,,,,,,,
/Kids [2 0 R]>>,,,,,,,,,,,,,,
endobj,,,,,,,,,,,,,,
23 0 obj,,,,,,,,,,,,,,
<</Type /Catalog,,,,,,,,,,,,,,
/Pages 22 0 R>>,,,,,,,,,,,,,,
endobj,,,,,,,,,,,,,,
24 0 obj,,,,,,,,,,,,,,
<</Length1 103488,,,,,,,,,,,,,,
/Filter /FlateDecode,,,,,,,,,,,,,,
/Length 44142>> stream,,,,,,,,,,,,,,
"xxT|fnln !}7		%@ !$D%H PDTTJ","@6P""bo@wC~<ߓ","{3gΜ;#""Dͧ]S2m/&'FM)io<K)nVoI""\Sǌr|mD!*(?e",,,,,,,,,,,,
CDkKFEdŎD ʣ=s~QrVo+ۈqӮv}T:<4*0w_B4>z՘)u|f=<A,,,,,,,,,,,,,,
"xFzNO49'WzH陕 Oce?&U""{iGS!jgy:Eݵ^Bl>",,,,,,,,,,,,,,
")rg]""/ ",,,,,,,,,,,,,,
,,,,,,,,,,,,,,
?yQ4QE0GS!yԷ\y~H6h,,,,,,,,,,,,,,
" nH<ʹ ~V¿v;#(""Yh</E(0u- z""M\`>{ẆJQ|ٴʙNWpǢ*$",,,,,,,,,,,,,,
"cԎץgA3~x>v`{V|H@VkE8?OS^g$	@2clU0</?@k-nRc/j*̈́|Yj%cio%f<`:",,,,,,,,,,,,,,
0P91c R,,,,,,,,,,,,,,
LAbِvH{i ]Ȥ#T[@!Y Hц,"9('P0	hnB%!|@6WC͒`V[3D=Ic4F(S!hKyl1̄%ߓ",VSTܓOQWkBBT;Ẏ|0-c4[Ȭh_,,,,,,,,,,,,
Yx9aj}mnP(Ŗ!EObu4tZ&Ϡn]4ZFLi0i,,,,,,,,,,,,,,
PƲ/+ka6Qك~n?Ӄa,"fJ!fDk		*P=",,,,,,,,,,,,,
lb~6Mg)(·@c=',,,,,,,,,,,,,,
"m0yTmT9+9Fރ񉄞\@`c--X6?`TQIr4ߥ|i"")K!ךT|[|*'m9	k ",,,,,,,,,,,,,,
̳ub|FA䳆N!a5&<E]w/qBG,,,,,,,,,,,,,,
='L(}MZ-9zx?,,,,,,,,,,,,,,
uh'܇x5Mܨn77I&5^Pz(ZG,bG,}cC9'irhw=O{\EG4pk,"ź D^YEitțE^kDC׬00e(=Ly0t+JCG~-HB~i""ɉtk-FK.DImi>H#[gɡX2","x2H`h2bJi:s.6Cb^ktyVڂ HVJIV䠎/援҄B{^*)_DXD67szPy;	[Fbh9TG-  /}E rY|KM_)i<t+hEob",,,,,,,,,,
")Ϣ	ʔZ`z&tdHy/W""PC)om)R?߂",,,,,,,,,,,,,,
]%R9dr0ȧ,GP,,,,,,,,,,,,,
),,,,,,,,,,,,,,
`n̓wHgձ. wVjB6U)+mjg>\iayH,,,,,,,,,,,,,,
|1mԛnd]`rA,,,,,,,,,,,,,,
"t[[fr+zw OZ`.Mx.a롸Uxu(q残OaO.֨|K C@Iu먮 Wïa>=E%2T	kQ9Шը_P{m",,,,,,,,,,,,,,
"hn[aaW2:!~	w[5Ə皕5kk|T2( wBz_:",,,,,,,,,,,,,,
/#?南0j,m6_K,,,,,,,,,,,,,
x}5V# 瑩b,,,,,,,,,,,,,,
دU(__૴*и|:6 m:GV5mͰ.45F+O.FUGaty4<tɹ` ջۋ+A$:3 p&hmW lWU?~? >F9/Ϗ:YO?({)h$h=}9ǿYƠ>qzK=Ŀh34>=Nb<+ClM&ha,,,,,,,,,,,,,,
ٲmj,;,,,,,,,,,,,,,
Qa;U~]g(V{}.{ݨ[O q643F!AvXvCПCkZHI^bMk`Mʹ1.<6\[\jFW_:#e,,,,,,,,,,,,,,
h9.vK/eva5gb),,,,,,,,,,,,,,
5`PsW7W@C{,,,,,,,,,,,,,,
"}:#e.6eS& f'`mm<[im<ה[a[!xft ""r`JhuXu>Wf", j؀jq,,,,,,,,,,,,,
,,,,,,,,,,,,,,
⺪z;6xP'3>zu<A_%g_K֙^%Ze6P_Hq6yYa?`!;z'4I?=3亡dq>%+ysȟ6Ny@'9j8>Rz~pnՎWh>,,,,,,,,,,,,,,
4ahK5z285/Yflՙ6վKT7O/Zu<Ǽm5|_ax{jͯyN?Ka: .6k%TrlmP/GAթWxuc1,,,,,,,,,,,,,,
1N9~.W9g٣~N,,,,,,,,,,,,,,
CHs*Ƞ|o,,,,,,,,,,,,,,
57X&ߛNh8,"@s/<)2ֹknc4w1""di^x'-7έʃ ?p#U8kF8]`i@ˁ@F_@cz`\",,,,,,,,,,,,,
-}Br[#yi +0S .ŻhDZ|Z[,,,,,,,,,,,,,,
,~OXdnBel,,,,,,,,,,,,,
Հt'Y~ΥuE[Pm]OWy(R+hFM \Ԛckswi5v])5h_Ϛ@x5Ў>5>5}l^M}^,,,,,,,,,,,,,,
|Iclv ͕ f,,,,,,,,,,,,,,
"<S~`_m@gz̻`]""o3-uVn?85Q7l{Wh\):*",,,,,,,,,,,,,,
"|	@bKm~>?-ʺytF1 o^=xZ5҇&Kߙ}ٔa<Hn:\)/Tbm""'",{)|F#(O+-ˠl!A]NH;;[i_+i7lBbȯj_u}ݠL7ShxgJ^ԑNr(al1Zo&9;î;D6kT+ҁ^V^a2uC+V{X%{tR`N,,,,,,,,,,,,,
5lZ/,,,,,,,,,,,,,,
;5z/?}sIZ()-wWOσ}\< :ye/FX**Co+EDM&dGUAՙC?bM3=O#)]ǳDjRM{=%۞vSM@y4P,,,,,,,,,,,,,,
ԡڋuhaieMk;lс`OaN39.c2Yt!|}F?+]l,,,,,,,,,,,,,,
"ydY }jߥ'zݽKy&永SkһAǇc.C^?T-H-P6}XȚjҚW>?رy{	6Ms	Zj?ߞgn!grSuj	I+{~q7Puv"" T$aNt_M?",,,,,,,,,,,,,,
"ͳ0qC^	G}.O}z ׂ x@VR=¢X236`!9=͡r~S۫þX1.fcC_ l-+*I%bU?bMl}FUaiy AE$(Z {;A3m߱g~ξ'뮘i6906: WAua&W 5k6m?IjLV""Mp4c	`vtqb9<{	#B<IEŚ!m%`ߗg@p/M淸_# ֝1N{{}C|iYwgA⮓$(H|SZoUhPSiÇ`D""j`*ѠP< \G-𳐓?d UWEAxk&[yPi","{kc$""mȷ;",,,,,,,,,,,,,
"J㸐F
@;}E0bL@+{ Mp\?'8MP.yG!'([W:QCֱ7}b.a@;/SW!!ʷ `k=3hKLtpYvG1nqcA1=ՆzJ@I<L1B7T",,,,,,,,,,,,,,
"*	ٲmAac>Z%Q j~{{_t'NݍK帤;K/",,,,,,,,,,,,,,
 nuy_4Ѡvܞ=hwosDDyu?/XՁn,,,,,,,,,,,,,,
͛9XlNإR=X{,,,,,,,,,,,,,,
sږ4XZS5C>,,,,,,,,,,,,,,
f-5:@BY璹hcE-7ol\r," $|IA%ʫoP_%HA	 ~iB	ZikO-fZkA=iBq	}sP|Rm[nA	Kمv-v?`-cɯP#qjEeݍگtCA.vk0Fw@c*ߩFGaӂ_.sbegndSOb ~\hAA^MHWj.$YXwH^]fPGnuZC^oϩ ;$RZ#TT_{ɡuW^Jq.. W `}w*^u}Pl",,,,,,,,,,,,,
K-=?z1\}rR@[a7S,,,,,,,,,,,,,,
o3X.|*Sɷ!]uw|3,,,,,,,,,,,,,,
"V^4F68z$NOPاϝدM>Xamڃ""ΚWcMV/""Щu",hVH1NH#=kݛ^!SlzaS<H%']-ΙJ<'=pyZX|5EZj 4n,,,,,,,,,,,,,
"ڴta-5a:D;j]_QEu?P3ԿxxmW\̯ma5!xB翀{uX|a 1	-ܢ""w6",,,,,,,,,,,,,,
ddC&{Yj,,,,,,,,,,,,,,
"9&ZmC=JtiT%V>q	>?I6bVQT""C݁4(C)VݢyYy'@",u}X>C@T0jݯmG;vؒ+0G{,,,,,,,,,,,,,
"QV""R``/OZc!",,,,,,,,,,,,,,
"aa݁@4ٚb[fxR2kQcB }[T9BG	t)`_5L 6@x^4-ދizP@u9LsOi.O^OCiH ́8 F#;.@ðT& sW[7f}yl^v]s$Wskޥy'RMZ^vB	y|RCAP;ֻ&98&{[l=[4R߿",,,,,,,,,,,,,,
"	P#)ZC|QrVa/""VXg8W5:+c}Xɴ[ʀl^[b?x6RQS	Ivf	j6mv",,,,,,,,,,,,,,
1_{0ʄ]g}8d/Q,}&jT-M4~Et7ֽ˕+1`C,,,,,,,,,,,,,
R/ }1~KĝKΑ1Bd@yT_A,,,,,,,,,,,,,,
/5pS𽝠YV}`e5|?dZ{#!{8 96e@M_-RTDPuC,,,,,,,,,,,,,,
" 1|ϠG|Z/Z	L:4[@eVUt@g.esKCK'uA_*]aL{M(3)R[{>5mA;;(7U:#.S(r0GA WR7(vW(SW",,,,,,,,,,,,,,
,,,,,,,,,,,,,,
%iG{cՑB#VQޫ)o4??ۭddv|)^5AwDjD.MC놸S #b';&җ@jT=`PU,,,,,,,,,,,,,,
"B=IyRCߋ;=F@/ס抂y>	&$ȡ@",,,,,,,,,,,,,,
"=h::^@G=mЍ'L30.;-7[o*VPTC)yhZ""ƫ",,,,,,,,,,,,,,
7TlR7y'C{Gy,"eK?BSCuh	x/p+q eM@r⼅檄uat-ݥh[",,,,,,,,,,,,,
"ݭߥyiwHKB`CgD=x&JT:XguaXk OhC""ҋqo3]k}V|F.l{[P'bV""]{FZ<v8sF MXŽTO^kZbM|:b}{˾3Q?yv4S[f0\@.",JsG1+Żj:[{,/83 U~)T=/α_Y7 DT?-@!ۢbcB_gR$[OҥgXk1w~̎{@⎁x8?<@|iZ>\*r#$,,,,,,,,,,,,
\uǓ\k'?aCyt3ǥt4S*I뤃/[d(C|LSyEZIWMm]N7&&LJx1a_83qMH_/7WwVvK}G|g|?*?ٟoooOǿ]T'^RrRZR>IF$I7iS2OVd_rnɣKRx'%)RyjX'njtj|j&-SS'I](unMݕlKoL 촜ܴ1i&Mm2YIo|b-%?zg[>lyg?ksp+S*gTά<g39᧵xƟK9a.SZ(E(errHN%5Q맯w$89᥄DJ,M\/u8W{/~Gvl3ť6l.Nt9^p1&9bqXb*..M]U\,"I.6&o\1-E:[lٶb.gξ}nĹg[\_9REk|xe-	[!qfؘy-΃ν^ѷgzI9:SSa\S)tŘщLOӎe'n%:>'viKN8cˏ=tl!ѱ",,,,,,,,,,,,
"zǮ>6reh펶>uFG{ȩ#_'בGv#/Y#Grt>RH#'Wg& &OhZr>(^hkF@?6""",,,,,,,,,,,,,,
H#7Ŵ&#l,GRv`,,,,,,,,,,,,,
 D~czޠ89sas,,,,,,,,,,,,,,
a!6?v0VqxYESam۾\E9ÃuXi2úU\,q',,,,,,,,,,,,,
m=cH9XFrZHңy,Mww=-hctjL?=Dѫ4XG%,,,,,,,,,,,,,
Fuz4ޤt+[ޡmO_)&ħdT5ؗ_K3:&n[zLJi}MN8:K,,,,,,,,,,,,,,
byd*ӘN&{=V5l-[\,=_W[6l{mf[cq{X9ʶotl;{`O,,,,,,,,,,,,,
fl'a^A'cVeϰgY$bs?l7Þg/z, aEc,%^OSc~Ē+U^go KaY*Kc!&{ޡ]kt>c2uH].QTwԻ{{},,,,,,,,,,,,
R]EuN}H}X}D]nP7I&QuE}L}\}B}R,,,,,,,,,,,,,,
Vu],"OQRwONuuG}^}A}Q}I}YݫS_WPԃ!|^MpERdEQTEStš8zX}W}O}_@P=U?R'I3sK+kzZc؇+Bh^-B""(hqZ%j>ͯ%iɮ:H::SIg]_9연_~=쏰a·U0",k)Z}-UKh,,,,,,,,,,,,
FZc-]IuEi,vm6Gk;2mH[-Ԗjwi˴{{]:-JVkk:!a>#tޣmI{T۬mמОZUۦmמrEb\8W+$W+UߕJs5p5wMz=O]{>z__!PP/҇+HXؕjjjp5w}u봫+ӕ/֗wKe=r>}R_߯?`\35n-aznagw{v~d?_د7;;*YXk\2W5swøs{G:.k#y`y=cx,<'rEXYSXSyoF1O7,,,,,,,,,,,,
\-]\G\G]uq}^7My3<go~+|s\}oA~XWO_@P??ҏ'I3sKk~ZV?GgsJRG?W*uH%Jr0WCuhp8.G)JnGpx$+)#QQrsD;b8G#9$G#ŭ:RiFƎtGhhp4wpd:-mm4#q#ّs;,,,,,,,,,,,,,,
\?~ttutsknp;.wccccccv,,,,,,,,,,,,,,
i2z}F?ww;]`7A`c1(4a[=yfzJ=<{f{8;;ppt;F9F;8:JW:;&~rLtLrLvLq\qccZu|1_K]|]?,,,,,,,,,,,,,,
"|5_Wou\1yƅR{_qοqmpwmtmr=zL2jӞ[?#͒fKsbNn^i v.G-ғRSzNz^zYzMoFޔKHIKI_I3{_oJ[	דsJFF';y^M$&qIdIPitPJ*yJMQTI>e2ZLTRQ(7))e ;EeLGYPV)HjeIyL	(aRQv+/bOrPySjQ+J-/SGWb.PjtJQTWd6TMfjsT۪ՎjI]njwSV}~ju:PVCBH]m!HN%Wձxu09aEEņ%%5k$yXK؅a9ayazV6<8llaÏE߇s",,,,,,,,,,,,,,
fHbhp^#ol60;]>,,,,,,,,,,,,,,
"ggggzύŞ%	)ޫӽ{o.-....]˻{Ͻ!M-mq8j|d3'OOgƗWמ];Ǝct9SrNũ:5t8N3v;",,,,,,,,,,,,,,
uF88]+ا|a4Qhc3v8cqxg3sIdg3ՙllll:::zm;îw]w}_)TN[y2kIOz}Fh;K4_#`%WX++\,,,,,,,,,,,,,,
J@iP'gS|}g8k\2#FϺ`4,,,,,,,,,,,,,,
;v0P؛Fw{ظ333ֳ;/t}H+4@iDw:v[fSp'>ߝNvSiFXnNw7q754$c1Ÿ̝nntg{yy3^2/J^٫xUսӋ.xpxoo]o7[zc=i7,),Tgת󽮝O=z?ݮ=+U_o ?7[m~')??/q.]`'$)zf2V)SCTQF=^Jo菗!o(GӕʵLSiRHj,,,,,,,,,,,,
"urr+Q4h!tL)]jMuTj&eHͥR%IYZ-t'B	ݓNNNI_@tbܡ45ʔfB%X47+NԸXvBXVt@mKk",,,,,,,,,,,,,,
AV/S){{},,,,,,,,,,,,,,
cʸxxXm1댇GR+U&uzH=C[[Do$3Rcq1ۘc5w/3%j,,,,,,,,,,,,,,
soDQcb}i,,,,,,,,,,,,,,
"6jޤi-2Zjݦm/)snݺ٫w8h𐡅E.~ňţh%?aS:kϸoon=g([h;޵{]~ߊWYYaG7o{'[mj;w=sٽyzk^cͷ~9ѱggg""OYbY՞%֞%֞%֞%֞%֞%֞%֞%֞%֞%֞%֞%֞%֞%YbsgLiS2y	W2¡CۧsNewh߮mV-2[4hִIzF",,,,,,,,,,,,,,
"OINbcEE֭0ӡk""KQb 8 tTSF!`TA	dS )s)sR2?6RlXB-wo˽rNJB~<׍//Cq.g.%ΦMW^ʴrV#^~rN",,,,,,,,,,,,,,
"ĦbRDRj~⒒6	.cRF(%7`[IUM@ЬjDohɞE]66eiTÛzn:}#ί'GOoY|`mIYT2E`bρ~\T=",,,,,,,,,,,,,,
$%_O))&chb4Ƥ9;/TR4*/.,,,,,,,,,,,,,,
q[L?☦M= c,,,,,,,,,,,,,,
"(\Vr9L(;""GK",,,,,,,,,,,,,,
SЧQҖƴE21,,,,,,,,,,,,,,
"ňL8yڋp?zRe?cW_rCF!jgN!'U;hXc6v6LA>ގ*j'%^XC	/4:n+dx",bJC1UًS ۭ=ቪ?}ECtI0ˊmt/߶*vt)q^Xx,,,,,,,,,,,,,
r*PtHOqș/3U߉\nf}/j^Xiaee΋ j,,,,,,,,,,,,,,
O,,,,,,,,,,,,,,
"]433*=m9`Y %EٴI]YYAlTY::I)_/M/	Nka\`Qx5o$EĔ-')ĕ3Ѧ¢@=%",,,,,,,,,,,,,,
*y[0pXN­؟w)-*~,"V(""PxC=X;x>ngQ+[L#+L1Sa`EiVE9#crBe`vj1+gPaMN9y'مm:r9",,,,,,,,,,,,,
`rvZ%,,,,,,,,,,,,,,
"S""+",,,,,,,,,,,,,,
"CEj`_a:ʷH+E#!K1	9^zHg8gh`))7$ܘʩk|QYpe̐SD&((P::6.2q\m:C]ڄ","T]`_ֆi_ޚRcVZ6l1) *ox|UZj	1	ƉJj2G9nQfѲ)cB n+VlH""&MĪ%UxCl_p;[  %YPM/֔M",,,,,,,,,,,,,
LL.JJ2Js]t,,,,,,,,,,,,,,
"&b>&=/X˄4f	.5JHDwEb̎P8O)O?(Qeİ4qJRr",,,,,,,,,,,,,,
"yr_QFh`aR Chbj]2DXvaW49\;""$/8L1L؍W޲22L+1CQq	݅:REB_^MM&֭R-#""/DquzkHy6`.``o*N",d/EָЀ!( @Sق~5@DǁM쒚OaҘAoU|RmiѾCJF[|;JS!l4:7PӏTI`7 H)<gn)bT`,,,,,,,,,,,,,
"pBH	RVӹ1!գ3	Hhg=Z#;5j!Sn;+&GuY^oBl89",,,,,,,,,,,,,,
z_ay,,,,,,,,,,,,,,
-,,,,,,,,,,,,,,
4{0Y`-rA H,"9JB'ix2J !9RĶikvK23FcgV7EOcm5{OI`7 a	L~BN`7p8(v86Q		vg FN G#<",,,,,,,,,,,,,
"!\Ѵirg_g;""2+[[oJHC#eI[S[@fOUO}k;7P wTA wzJZ  @ ~xx9@?@燶",,,,,,,,,,,,,,
~pkZs?_z~E{-:٢&{&<-_+m#|fg/,,,,,,,,,,,,,,
 :}wc}(ڧRn,")g/'/i/55i<'mJx#m2#m""#YpGa#£~~_'_/>","vƍU9Ja<J҇Xi	+b٬t+Mg4gX[l.'c4Tݳ","omŤ#$|tn<A""r0qLw",,,,,,,,,,,
"Ϝ""2ax2Eы(E`		 &""u2~4 :#@s4nVD3d"">$O'M3oPx3ս̽Wo!1͗έCu[ӞudQc(閿낶x4skd35b""'}_Wp8Bf[}e;|eTy6[IwƷ=J:ndIVDI0btr߀an(//~/g:?LJk&FV)k5xp",,,,,,,,,,,,,,
"6>\+jL-NG=\ӝs扜tqŭD#r{xZ?ɈytN=(PG{e={P/S*?%%aerm{Vh@-)Bh/ePa3E8qĲ]'hù(:Nѝ"":zţ~_ȝXs`V7'2-i3p8~`dRTS~ ¥yEE=++HJcȯ'ӭ",,,,,,,,,,,,,,
KE~/9jKu8t2ʧ+_JSOӭ4ٗ4VRgU*:ZI$1Jb)Jb$C.$ɰQ&]HL>J>4$7=mP4f8*N/-,"r""|+x&-J)IwEtr?|xNI9SFmگe꺣~m""*j#j#ժ",QWXSnQAbQi-}[..ȕ^K,,,,,,,,,,,,
"մs""",,,,,,,,,,,,,,
SKDJ;*Iq&;ʃ`oJ.ϸv?!/o:4Z3}!.?3*o{:a[i-],,,,,,,,,,,,,,
\``3TPe0N֦],"(lc9lM/=qhA.Vb^Nglzs3]6/f4YXR'^űV;ӇvZKssЦMA3A34z˙<_ԢtRvQl9Mn)~KA+'_xAК66l=NN;i;	*[rB(Ř)a\Gv(F(E_L+\sML?JY/ZNԆzU4sҫyrQ",gyNJ:Ζ9R5JBfhA]6ԛ=<,"""uA)%+h<]ʓfos?EPJJ;C|g>b~G1Ԅ? #UUىhjD3C!S0%SQn2ߡԂs+M0f./w	n1e/|t",,,,,,,,,,,
"騱>ci0aE>&T01""it?=H37zg])G'=[(zMŴ~e-.g-l>d!%I4^ZzNg<]S_VVTff9Cfjl'9N0X8>`v3>!Nvr}¾3;˱lsǉ<k`ߥzR26lHV͗+M9SYQ6)[0vo{|*rAʭ͏)c5{l~>1!qO",eYG&,,,,,,,,,,,,,
"{\zA<js3ފ%jvv.C$dHRctT""͐nK",,,,,,,,,,,,,,
#>}r&]jeT,,,,,,,,,,,,,,
{H~Z,,,,,,,,,,,,,,
Nm^,"jSt{4Kʗ%<K y$zsH*[v^_A;>^k/ԛdi""o","M+oɖ_|ng0ʂ{\N^L|RQ)$zBJO|""Y}0e$>6ҧ4&4%n/hfE#*^2^m'.?*~gR+U]Ke'C'w 63VGWFP~]IB	h[L9	t&pݻ:K",,,,,,,,,,,,
,,,,,,,,,,,,,,
,,,,,,,,,,,,,,
2$hPh]+J%AɯWaZi^IW˨)|>;i[y3M^J?My/_p;E<OG*ߣ\dt7]IaD/E,,,,,,,,,,,,,,
"ݤ=Uه4877>dKzMQZ:8Bo>!TN rkg˿""7k1o6c戹|1X!}X%҆9@R r!2a;5D ?""J;qu\-""MDIˉR!J[K+ j:hh-QVQh7^6rPn|>$vz",݈3G1釢^ï#Q1:JPޕs؅MHt,,,,,,,,,,,,,
6F#oF4S'*EApEKCdw«E-jQZԢE-jQZԢE-jQZԢE-jQZԢE-jQZԢE-jQZԢE-jQZԢE-jQZԢE-%ďIQvNZ_SDNM>(FW\z [ɚQt}<?e>MãE$o7F2K{p/rݩBuZ^XZ IOlh/g8y$u:yx+6,,,,,,,,,,,,,,
"Tu^i+gS[93^w:]֭NOG99""NzNz{s`6E&<ٞ좢&rTEw?3y:7+I""hsd+9k=כ5zG",,,,,,,,,,,,,,
"(=q.Yqqa蘺1qFLlg#Ԇ""܇f|TW|cLZUےk",,,,,,,,,,,,,,
$t_aW<E:7];oԢytsF>ipeԇ,,,,,,,,,,,,,,
Փ#}넫Wㄆ>G|<pcQ,,,,,,,,,,,,,,
"WjxPwX1]WWJF8@f&109SLn:+3*ƒȺQY[LXcweO==on9kץhXn %/;1l}""0h</^Oj?eKVfܿh_hS`d}ԄZ3K>s^)k즌yQ2>""}yQ٭9I|{+7*GEDM$isQ|z~m5qZ9՛|""N","2xo?8+vo]>(>^I/`CY|wTno95mشIqQQ	(i]iZ#k(䊛2δ:kHur:Gf|XN|Lk	","mF#ֺ{m~i\+Nc pc<f%-<{~ lѢ9dӸD7N4l;RZBNCjY!؎I2N	I'v?~ddyC>L",,,,,,,,,,,,
"h֪e6ii	ZjQ4ZHI%1Smɑus&=Ę܃.]yiMci>)}TJ",,,,,,,,,,,,,,
]cٸ%1cVܲr,ɝbŬ7,/p-.@?Sϑ#{6>ߊzo=%wrIXKe[IĔo9Il)lz 1q,,,,,,,,,,,,
E(RC۵(/+Eٛ+ٴ4V*{ZYj9Y69m}i$MYIi(,,,,,,,,,,,,,,
TnOP_6h*hC~!Mj,,,,,,,,,,,,,,
ZncW/L3r3̛ˬL$ޛFCR*Ӑ(F8,,,,,,,,,,,,,,
)N>ԾWtt,,,,,,,,,,,,,,
ȢHHʢ,*$br]c(.eDbF,,,,,,,,,,,,,
WDJ$j$r,,,,,,,,,,,,,,
!SU==jo><g?1H,,,,,,,,,,,,,,
QrT`4ݻv/ŃFG,,,,,,,,,,,,,,
#Z,,,,,,,,,,,,,,
>Glvc/te=ZWԂ%G9~߂{?{mbV<>] sm0Ȯ,,,,,,,,,,,,,,
7ؼ:1mçzjSqFe=~`,,,,,,,,,,,,,,
"XQ&XΟдIa鄰"")PTUT6Ѐ ^Ŀf[s?q|$HQVDQxrHl%V:d1",mP6$(a4wNȘفّbK%<صj~rO|%zGy߈.i{@ŷ'B_b8W<:ز<,,,,,,,,,,,,,
"JU7 L	Ie%wG{=yiSGUnhu=؄i{VQ@tv`S;^KB)",v4f5uFc;QRy!//~5A9sflHֵT(4!%XLDg\~77ڹo>ֵw=O=uMӞY}X,"r}{~q^}:akc2	uʥ_;Z%d{","Jby7;""","%s8""LGW&	@bt2M̘ݽYʮqʮ:eW<ZV0q*giF3Gcq0Y""^",,,,,,,,,,
o6Tw7jrg@8b68NDƺ,,,,,,,,,,,,,,
>=</Մa%{+:97b%PM-jIS|tC[ib*DPCdD|J~a$BJӃ,,,,,,,,,,,,,,
"J""p4˵F""¨tBEdx{C	?F ܢ]g#RMGFOfMōq/WYL|}:_{6ޏǎE=>M_GxTG1R8%nxt.r\X'DO2qK71&a]mh݄XI|*bR>w=^x&sD֒bfܬ0&c@*ⵄ_	",,,,,,,,,,,,,,
"K-ZL4f""կQ;K<1C6Q?+Bb |o<q/>:;uyo<%?|v~u?!G <Q%H""7LNo`]@""&\VޤI0)d	ݳ",,,,,,,,,,,,,,
B,,,,,,,,,,,,,,
"}|b5i4vϪs^p??xvvO4YQ5 >$@<58KUlx/zDe×y񅷌/ejbN$J%;~_ʾ$}IX#A""!n#vFބ{l췔f4a\?+t@a""F>""fZvrIK'f`;a""XժfȘwv-5x=K4l┣S5[XAǿ`xtp@ {Cʻܴ{/J}k^]p͛^xKo^!t",,,,,,,,,,,,,,
n^6KwΟϾ#b4*,,,,,,,,,,,,,,
"	=ޓw5Q IxJ%8W.!KED\w	%=f",,,,,,,,,,,,,,
{gO99CPyFd6ԴW0,jCfK,wl7ZdYv՜lT;5n8YH,,,,,,,,,,,,
"6Ȩ2Q1||w]z7HYsb{-wVIyD:;06_-XOe)M-LhcFX~RZԎ-mQx=Ş䧗\lJ<nq1]ʺ4hROj(l4={z֢𥗺Cᜟ0O#YX)	Wj\Ou%|sKx",,,,,,,,,,,,,,
"GU#㺜^deqM@cДI<""g G0KմAV^qI/wcQ'>߫}~0Y>rjK߬#]7 t.c7	behyyW7wư0Ű0""0",,,,,,,,,,,,,,
ޔ>ލS]XVYxy0HLl8(a,,,,,,,,,,,,,,
K,,,,,,,,,,,,,,
Vb=P\#^ <p,,,,,,,,,,,,,,
- O.0,5wŚsRufy57,,,,,,,,,,,,,
"c/H1@/_zs֍l}ݞ=S޵+w=ü>sJ[ϳU'~];?	sZ ",,,,,,,,,,,,,,
"P?-Ӝs c	KͩWkrI-kIX'DfZ!1:AW.",,,,,,,,,,,,,,
.=?/{'WWo,,,,,,,,,,,,,,
z$56ӫ1#T~@.k&ӽHHtؕ?2ɔOfIǄP۱=67,,,,,,,,,,,,,,
53,,,,,,,,,,,,,,
"]F}8	bim9+C7ؐGªɡBAr͡n̕\'[WQ[qR\&YLuEfvAZ-)M(OGUfF^/%WuÉ2^c8kI~K/*mlgO^_4;M_<xysGoj/x3o6|.2=hJX` +",,,,,,,,,,,,,,
"ALV-BrbJx""#$h:	hv`Xc]RYT֚ڜ",,,,,,,,,,,,,,
"^ٵxt09ƞܺu[ga`	j0'7]*%54} o*s	 ",,,,,,,,,,,,,,
)1:$a|H&ŔDIT{1@E. :(,,,,,,,,,,,,,,
z!{!}!ipլs~,,,,,,,,,,,,,,
*|3@?@isOp_D',,,,,,,,,,,,,,
,,,,,,,,,,,,,,
"ºYGOs`xfWr*v]'Q֪~yUA""T|̓``D\'\ޝOxAh/Ε+C",,,,,,,,,,,,,,
Jb0 0Lư+aWn$b;ntig)v*UO ,,,,,,,,,,,,,,
lk%}S2-:vxUvƓQ;6uI,,,,,,,,,,,,,,
),o/#7B,{k),x5>Ea/1},,,,,,,,,,,
ʡ.^?[rOn][r٭-tȳ6M[e7=[6/n,,,,,,,,,,,,,,
b3_9֯=;iӔ':n~zp}D)Q*vxn?Aْ(y$PRK2졌O3 &R3S!Nfz鐘U&} WhH,"""~U3]DdS{Ce?qYFF	Z/^",,,,,,,,,,,,,
^,,,,,,,,,,,,,,
;>,"x$y"";-PpkY7G)bWISmmEN[9+x}B(i ѵu JAƕ",,,,,,,,,,,,,
OI,,,,,,,,,,,,,,
<y6IV8_2T>PmC$t0*@VmǼdTQMX()@ۜ:,,,,,,,,,,,,,,
m!f|FM`V_5i7L|)(tG}|j,,,,,,,,,,,,,,
iuWs(#h>PK_?}ins ul'S,,,,,,,,,,,,,,
"ľ/HoeVȳ2jf7@$Fډ.;j'h Mx̃O=y >2gvK6O񌈸}hAv""bOn g",l+,,,,,,,,,,,,,
U^%8V[A!:(GMc,,,,,,,,,,,,,,
1K!a<c!z],,,,,,,,,,,,,,
"0 a`ک""К-/:ɨ",#Ye*k820HȰ,"uJ0""l#xH6^RVhDĎrM",,,,,,,,,,,,
"$SCSbGhwYĮ0""cǌ 33$ô *&99cvGuQ2h=fyaoCvԩ<˼/m",lMܛ-O6`1tItA-Q/,|,,,,,,,,,,,,
"(50HY@u*Z)WVU%[S(q|Qhqڼ(遞nfIΫTL{B-N""1M",,,,,,,,,,,,,,
U)@;3I~X6`_%GGacI+?k`-3EQA(]<iO.Ms]9KbG` cs2T*3TkgǦƧǟ5!~]T_2&Ϭ0˟53  nU[k+HFtsihT)Bp:Ѿ1#8#a2,r{$Pn83mPFX9tn6҃e1PWۈ4_!KJC#3.h[Opxap4=Z0fa|KhcVaQ`ƴi9A08Fi`7{[ۚ&Q@.MÇy6tu~/۔Loy*&i^jdCI]Ӛ,;XoF?r-rTunJU/փoxmB^2cWWŧmůƜ?:h}X~ovatV|gj_l=6aضz.hjN,,,,,,,,,,,,
;U?}xg,>w?L׊<Ƭ}m{Foo,Y= p3tt; bM?U\ͺtYgKq;U󕓶ŻsݍHu7¾Fnj,,,,,,,,,,,,
)nQȢKH{޲'uä/+j_!v̤9l0Is,,,,,,,,,,,,,,
&%~yTDn&̣ev?3,q,jiW >eдWRP#0d[lcߒ'&xF,"	",,,,,,,,,,,
7U`7}e6RTf,,,,,,,,,,,,,,
U4t! ;k0h<zDkE$UMJ,,,,,,,,,,,,,,
ӵ]Ҳ<p@?p`=g1MܮL=q,"^55Q{ޯl|9	fXRQkwQȮ	)","հ	V3)Ɨb5ߢ<Gޅsxx|q",y݁u=XK|yC<y|`Vb|Z_[&PnnQĄk,,,,,,,,,,,
"	['N/[$:HTHx-.@Tw|8˫{Xb\^bX<a^$WS-3?gjWT*9[q",,,,,,,,,,,,,,
$I:ާ=E&x;_+m!7jv-d~#q/V 2o\mlˮ^/v,,,,,,,,,,,,,,
"b27oxReUTmVcsָeb᥷yA/6O[3o~>Y#Ͽ{cq+ws.zKw	.t֕u_oKƟw-ɾ-+",,,,,,,,,,,,,,
"!C+Etl>*	yغZYVlp0?ўc7Txtok=d- \-{~8y[?~3ʒ-Kֶ/2+Yl%5ʐ{CM97]·Ib\oH9E$ͦzLzĄMw%c\c",,,,,,,,,,,,,,
"TX7صT&v.U^Yo?!!K!WvxZ-Gz>ٗY؟׿Wc8}ǡn/Wuaؾ7Y	ǈtz̄P?)_aJQ%	VTDEBiMnBE5DtՔ|i;XP\J|P9o$i1ZØ ""'""G0cM?2|	WǋOIZYh&0[)CAoeRNJKC̺q実7ޥ",,,,,,,,,,,,,,
"TsIOO]ܸuؐq>q_	Rm(fdkx.! 2YJ(@Mop>svRNjHjJ:L 3IБLr0o!q8A C~ףlCLZnb۳Em+-xlnc#7Tѱy0",,,,,,,,,,,,,,
BQxX]9W[!Gw&~#7|pcg*#,"Wz90fGcX ͭ>eiP$ ZPBgR	^0[ItK؇cX3f_ӑF}r",,,,,,,,,,,,,
5,,,,,,,,,,,,,,
"urT]vE	T+I%PixNd]T'Ht(S`$嫴x6Xǲձx4353leV̰LXHKUq+XHHH3xAKГ!F{+N4]k):6YK^OQHי~Z=Ep}hك!a<u0`xsw]pC%ūS#Ct׍NGmCW</;pEץ5xYǤsNW#/`!Y僁Siq	$87hq)]xWNDiׯm6:<;D",,,,,,,,,,,,,,
:GF:^WguE^v![f6'M6֝w`;`1yx&pv Ұ#wWxOXPP}}gf3{5f/o)r-މ9U$,,,,,,,,,,,,,,
"Ĳ<Ě*t)]o6xxJ`BF؄!I$O*<ɕ]y)+bŲEwμUH|M+6DQ¶B>77`&?sMvYh?QT3dfhjE`)H*׿gP<p4MX6ŵ/Ϳ87FSWH{)yD&-4F'03*]]	Q=~&r2H""bɛjfdMNKvfɺwzd֘>g&s(E""$Yea$'9U^XEk2n42sp3XllS0#tu+¤u?S[k볍z",,,,,,,,,,,,,,
GI\+5jm%/UĿ%x2h؛,,,,,,,,,,,,,,
co6#fX!C{,,,,,,,,,,,,,,
"a7uOhfD(""t	)HUxDZX򪊵`pw""V[XBnɮ&-e~LrdؾġC<[",\knr=/?@~ts/9qS~S#Y<MR^a_m,,,,,,,,,,,,,
LVuC#!LpⵖP|*#DIс(!YMLʹ_wTW,,,,,,,,,,,,,,
"vmۿ|$s>.d钣KJ5o$\t)! ᕴ*jR6ta""HI(A(oi!ŻF==", yxiB,"n(&uPggL3U5zMT'h)h""3VI|GG<)^d`a1Fi9zq B(",,,,,,,,,,,,
V1n4E޽h!;,,,,,,,,,,,,,,
R%,,,,,,,,,,,,,,
"916KIKI^u}Q7^i""JBn i",3ٍ{\,,,,,,,,,,,,,
m!&pE^eoҿyF@Vx3b-P;4 5q?-sL>tڝjh-zpJ:uqXI24tQᄰ?[b_+4l8Ly=zix`d(}n_u1Ng_z({kb,,,,,,,,,,,,,,
"QI< T2a7*ѩyB}f1ivA~9c%ֆ b0""$	""`%uI	3eJq3I\#EΖuZQ*pTeLP8E","F$	ik/異Wm'YUf",,,,,,,,,,,,,
V/vDǶtAKz2L=$^ Z6d01't<woFll0&ml;A㗏?ۇ,,,,,,,,,,,,,,
d_(;,zTFP&q&!3Ѓ/3h˧kְ7a 0LpoĠmQLoP,Ʋ&WBJ}*[IgBp%+,"ߔ͐.0{fbwGf$0ބ""Yj2&	| KZ^֌#`^$WpUِ*[W-l",,,,,,,,,,,
,D;*`ZBF2sJ}:w#y}>*e7w,,,,,,,,,,,,,
"KCXD0e8$C"" nFiF*0n^*~-Ʈ.",,,,,,,,,,,,,,
/?~?~Tܼpϋ*a*?,~#XַbY*t{)Cʅ啬DbD2Mo2K(.s7ڌ:j=}EM,,,,,,,,,,,,,
g?CgEo:ku&2Ӕ˥kk[,,,,,,,,,,,,,,
"ƽSFWw.11TChP潤SKR0$B?_oÎ;]HUxF8lkJC""?Ȼp<1#4Өy!^H30VeS)>GDv|ۮi۩MKKRR`p8K-0Gz#	`vt;H#t+bbsҬį̌""ąXEY	9oCjX6#7'N?ӯ``j#3ǊS~}Tdғ*!k7PNt+7M0MsPSVu-Ku~D+~ZYF-2:^F\a!K@jy",,,,,,,,,,,,,,
f%fj2-1Y9*ǦLcf,,,,,,,,,,,,,,
"+.ͧWaKd\""5.QM&2.uՏ'TM4Sf4W͌kWO",UkKk̫+2ە۴ۍo@Ǹ'p䁩7J:m0hCLPJ!n.1PJ$J)q)*в505K+1Q,,,,,,,,,,,,,
"a&]\""60j3",,,,,,,,,,,,,,
G` ,,,,,,,,,,,,,,
"QI8΅&nR&>ɉ9""yG.~ŐbH)`Q2בCE.ژrR.G<F0%vE o)k= Ed+L:LN*4UB̞BT",䎓BN9t$!>oz*,,,,,,,,,,,,,
7.JF'Eɭ cG|z٣K]t_c^5>׭/q?y.8cqV.,,,,,,,,,,,,,,
"l7k;)MMKjGZu+V~J""`*B9ލ	o%0s+uI;%OB@V!.O",nd.ڟrѽhm1dpI;<Ly8<c(69M1$|,,,,,,,,,,,,,
bӶn=2v`,,,,,,,,,,,,,,
"3+""$r3;JϞ-2>1 i%?/_͟EJ;2!~Gd&ShnpY#5ihܝh>dkOٕ=em)\;O{QIf	ȕLVA{<@m(&cH",,,,,,,,,,,,,,
"yع//~O.{q=ǾO)vi/?6tap07mQsU	Gb'K4g 4","w0^];~Ms#Fvr%ݜ*v#(X^$pA5|pࠧ	>)M7p2AUoo6cTEe	",,,,,,,,,,,,,
,,,,,,,,,,,,,,
"!ѢmY""E`C!N§4)QZ Hږ""7=ږ9މF-$7C&n?wnSp",,,,,,,,,,,,,,
"Ѱ=SBJY	̄SB$֔O^v.#?Iʷ(`(n	`7A4׿77""~߱k:c  ""?Si@E2.3z{J{0p諞by7""1Ю6d\ϵt|'24>v9ՔYO7nð>L.^63'LB&]:J	\kVrcՉJnz}$F蘷ٮr%q0~$M7zP8m@8I֪C֬(%Gf8AD ^U/&0o gxL8&l$a6z= FC9Z$sA ",sw'IF$,,,,,,,,,,,,,
a;hdRO4'[0HcpC^Yp&krK&0[IwE*_`670{ʄ+[2h'Ħ}ЩZEf48 x*DKS-( :^$Pfˊϖ|M/*^G>ݔ#,^Z_XvK3D.'ǳ~K RDW80ULZYlPK|ŪmASe6CM1Ei$Î{,,,,,,,,,,,,,
_-l/ٞ?X07։r^//S>Ye^$xFURݒ,+<Kq=d+DC6U؈J7X,KCFaKR,"CFr7ei&st']ՖBM.1^([_L0ϝwdR{uXWrr""s(j=L4bxYMJ*{;-~ݽOyfA-",,,,,,,,,,,
OhyMQ?B=z]{Ш>θܳ]L*_z&TgQ74,o{u+,,,,,,,,,,,,,
|& )1HtT*ᰧgX| d%e9[j῱,:VU͐,"t5KGp	GP9X|kc@",ZXe)Pp K٤H}HaTdBǗNNJ7<Z>-̙R-0jHZ,"҂M""w	dZ.zعw","\#	Nm(u苩go6zꕙ̖.gozJT`",,,,,,,,,
D1.H] 'f3SE7ߌ]{?ag1HTѢuZ}}6,"0<6V_-;vm]EnD'""O=ywjűA N^o_ePbO!Te2P¶8=s@^[(.ʭR׫o!k6C)xNݕu.ޠw:MBg}.ptf)M""dfv<NӳagBΰmB( Y>czn<.oj8]l^#S9kO9eJ@24qhCf	I%M8(4+ӮFZzEfIfgeW%AHT7n߂6'nv","	W5N4U-̖'ߐ~G|xeKVuघɇid44IK!#JBۑ\""Fg:Zh9a㏉Ou8v=lTri)PT$g\NUnf^L#%",,,,,,,,,,,,
%BVRS6=1#T|Y4mix'us=?ařCw)lk+x,,,,,,,,,,,,,,
OO5P%xV2}3N^3ٯktFbi3wL.>{5ǾڸY;̹N9jRA1ɸy_9HsCqVUVVśgėUnGZsDbAaEKˌ+WDWz/g#8T[Ir,,,,,,,,,,,,,,
F0fX9Tn!^?ٓjtX,9RH,,,,,,,,,,,,,
ܥr*N@SJ5,,,,,,,,,,,,,,
"Y%O9cn=B%34<FXIYUÄ	w=MZXMvnFHJ̯3C	n1V682UBh]AR4!nH2DAr0LKhI<$&6 ܮc/Zrn1CwAvC1P<7|S9xXScLP]UCeZmV˟=5Okճ?jճޞ9WW(cx8/^ũ0Gވm {̵)eFr	%L ܯoo2As*X+B8*P""k@w@[/yH^7WRae|oLhoZhonGGQU""bY].:']nyu_W14n2b5`e궹68$`",,,,,,,,,,,,,,
8t:_벹7ҺHMU,,,,,,,,,,,,,,
e@ZUb;VrF,,,,,,,,,,,,,,
Q87Q>(IY+JYxS@uV,,,,,,,,,,,,,,
mtÔwZAuGk>P,,,,,,,,,,,,,,
l؇ԅUOaH+m[,i3dvދ5,,,,,,,,,,,,,
"SnB""*NwS۶r[Y~|[C{^P~5-Y7yX<1~d E2b֬ոyiK|n4?7-m}-1E`ee.J`tb`0Ah6ϊ_ KO	FJE X猖Ae->d<F?T5y#cox<s=DTltx	|yCpP*	NxVy* >0Il.۝7EF_^>zpTa $lѦI3!J92hZ$@#%hG`+y%x`HbYR)ۚ-4گO0b޾j[̽'U~kYƯ{2;'#o^K nN``RUx  MW0K+ jLX""N˝C##C⣽zgG΋_<zq	t""l 4Phj`dn6i","i""o[mb̹ۇqĴ34lN9TS߼]Zkfd25wM%}׌""zLVryR<Wb8e!yD>B&mNդl{>֞Vi1PՁ7!7H5Ǵ&0ǘ2sMQxhE^qve_H Lx梽ܧ/oCDy뼍=sV?Ǻ`%QTX[o3meuc.{>̆ܛ /+v4""",,,,,,,,,,,,,
+,"#A)Mj!72Z\!jje@9ex ?^}}לB""R+ Ҳ!#iT.^ټ	E (biHK-TPX˗N)`Uι{NG{A",,,,,,,,,,,,,
2p2{NB3ث@q4w`f-IozxIE՘7<9_0,"rGRc2lٙɻѮD1v`EETL$}[V3;6񼱯<}I?Ͻd):Gs0NUl~pJ2KJ?E?[3˔?5W^sNͦRWƧ՝:n0/5n|{5Pt]q@-3	S;24vu",,,,,,,,,,,,,
"<*@S|Z>e=鼜	A3d:B |T",,,,,,,,,,,,,,
Pj!2^d.GZL`yN:T̀J!+]t2L`n|dlfL6+,,,,,,,,,,,,,,
"+FQE'y+g3f2""+SD9&!KC7UPqN9;sS0 /QKZEgģ|;|Wj0`6g	p8f",,,,,,,,,,,,,,
:\cW{_Ă7a]eFLY÷[?uZ<vK$x }QbH!zv(3٫tS ig88'YgϨe\UW34W%LТt'#08RN$sӸDY$Mݴz2MU5oe D~.]grP_12{!R'r|,,,,,,,,,,,,,,
"Q4]N\U(DQwtr`pݞs(1u?WmɶSHt^2:Ơ&b$ Dұ݊d5k)Gm'm_T{(ĮL^+vA{G_?7è3D+f~&9901:Nhf]+Ow	%LS]\͖Y2.+˲\͖|0rHvitLT)-:M^I'xf_~yFxge^p}ngX~?{EMow",ktj,"e5V&RɺJuBX	۱o2V:;+f\*ae'Ssa׿ٯbt1^6\/e9[Jf`iz^g^+mׁ$ɝ*]Br	RunѪ2IME֐Ա.rtCn-<r","?\r~<CJ~/<j>+d~ԦMf3LZ~%w;aS_ŀW9ai]DFŌݰİlnb1{BHZXQvCÒ8ӫD.~i""ox_bL""d@)OQe 6Z%4",,,,,,,,,,,
0F{`ݴG90laQ?&,,"׌dG1HY	Rnv<w$Z$UXŉ>[V.t6QZIag[4E+*ZIo",,,,,,,,,,,,
"Ң$]H9އv@|)Z 3HV4ic^w*]P	 ~Bg[/#f3s_-7d",,`E,oC] >5AX,,,,,,,,,,,
,9O{yg>HIrᴋtͷQvB[x'QأG}C!+2V0Ja#8[upDF\ɑ,,,,,,,,,,,,,
"`a c!4W}Li05qn`2	",,,,,,,,,,,,,,
TkJ}:l<ENmb; |. SFWp2lx+eZV zmѾ23,"evFњI!-&h0{XS$6w""BbZ",,,,,,,,,,,,,
ǒT'|X䫣S~#7e6gP&Mai+Lc]4F]~:$}aQ/Fh6kža3+,,,,,,,,,,,,,,
"񝤂g6`)V:S)F=L1jh5FP13bTjvORs|u 	GJ@@ ]-7t",S|Sft^әߩ)KWʧ!{hOre≯R6}YAp,,,,,,,,,,,,,
"S7MK6(J+l^'0s)o;D -!Q!Kr'Wzzks֌dwOsɌvԠ/3{E;fwz=G\8-f毾c	",,,,,,,,,,,,,,
&|#|(f_|P5]>z%'a鄩ףPGRwwJ݃&h;dNXTU+ԥR L|'|,70A.7]+HDt7#<-7]!:hvS79v˵󃂼GEYzx=,,,,,,,,,,,,,
"61K f.R\NN^?zsj]K\$w۸eoY]qy~`n@~	I PW#L1/b9;284<Μ͖3B|ra@9B||Bu)[ /UP<!b6́1tgb݄ÎpRnn*N= G4`",,,,,,,,,,,,,,
IJe$FJZ=KB]&]ҝh,@IT1h)SX^EXpZ}R%aaXd,,,,,,,,,,,,,
"<-/ێh4nt	w3cg6d?K(kn?FyC2cWv_;|UO=v3L@7淿zU)U^oSZ̉&ۖܞD:1XqFŲ䦤8242vvLBuvhvlD]d^Z۟|A蛉ÉCd͙Pv9=ۜe~h*	Izu~)cHH",,,,,,,,,,,,,,
"%ϕ;d6I*i9G:9ڻY9NDJZvPS_Ʌ$'eE ߝwfY연?̈́=-Rº&+'~R>ws4Yi韪GҰ`+tS06u yɕ+vq?s7X;5ګ\sfqss	k*(ãDtʷ""#\9֖Hſ=~6PYh:-B4r$v",,,,,,,,,,,,,,
"Ѹ""?bV	M~	1 Ke5:6AC	/",,,,,,,,,,,,,,
AC,,,,,,,,,,,,,,
Ԑ =i,,,,,,,,,,,,,,
oN4iX=+F&ܪi,,,,,,,,,,,,,,
4(,Рm;Tf8؉@oS`ה(e?{@ye';g/|_?ړzOl[ucEH5-O|f|w^&vͭ 0wx }5MVv]GDIy$,,,,,,,,,,,,,
"0""T( Y$B*>T'<",OSgR,0;wK^d[g:ib{QmIVfKۑv,,,,,,,,,,,,
"G:GO_vEqƨ	6H#6wy[dz?av1&7^J|s",,,,,,,,,,,,,,
l_[&哾g=NetU*%#ruWΖƦUVKߗ֦=3EFBphlq4[VgkbyX]uejҦ%Tg׮^HP~PAX㵝_e3W.vZ;CjHDh%dT&VT%) ZiL̉lHeG2rgE~(9f-?$,,,,,,,,,,,,,,
 4!lq2)fW,@څ4z,,,,,,,,,,,,,
| 2,,,,,,,,,,,,,,
"777Ҥf^'F䛑$VF""4=M>-ٚ]tՉoWzXONMS׻ WoO",}MG鵤j6oDm l{T|mZ,,,,,,,,,,,,,
"	\dҁ`>641$.$Njn;<y#7x1ϧ\d\ʣ(GN;ItUim[5՜@czMUZ2Z!x):5UcFf",,,,,,,,,,,,,,
y:5k֔#Kdh; ,,,,,,,,,,,,,,
"%d? oF҇:w5ٚA<[=_ٶbmqKO=i7lgb`CltK/{Zu8x֚̝yf7:^MWϞbJ~A^A#T~!_{`-|-$6Jc#T52 hJ9CV#fwo<U|Sa 	&}",lo<Ù8t@;R<')OǄ$5'&EA۱?h;v(룤(kOSJ4Lκ(dFKZ,,,,,,,,,,,,,
"en.jllpL..""essZ/Y:`]|#/xmQgnzŗμFIM Ԍ s>}A",,,,,,,,,,,,,,
V<)/,"ɂeQ`&""(=h!)RzP);z'!7hd{Cp&GiG0	5DEѲho%5Nom9top MNJoH$Vr",,,,,,,,,,,,,
"d88_&|i/MXDӫH@CvP6""hm;C?(kꚡ<2c-ÛV_m*F	",,,,,,,,,,,,,,
R\&K}C}1m߾)ҥx8z˧]~!ΝvBshQ\ y)kݘP~1.U'Y!_jMr彷vP*OLixHNZ&1^)jxA<*x߽gX;$P@[PL0A<)ΐhH\,,,,,,,,,,,,,,
F׊HWzM .'%?;W/< 9r-)%93I1O]mTߑ ۨHFnE*%:;,,,,,,,,,,,,,,
 IK2v&'@/yA UeYRneq0eIId*v>z,,,,,,,,,,,,,,
3̚<ci+o,,,,,,,,,,,,,,
&^wG_?-.Le8s+lK<@t,"6#%orH}""Fc'l&-QcITHʎ.&+r%Mqy$eAEťA~P4w.@@|#^נIs	R4K?$5g].囙7o{ޛ`Jۿe[$as<taj%>]-[MG=E8MŁkb`E=d/[nؚu䐍851MeBi}}KY YD}>TpL# csy^즓%/QwŒ\Z!:?%w*|.Dߺ}NA48r\{<1YUniӮhF-|-ܞT܂#>%*n_Wpcd{/KͻǷ72:Iz'|]ʽrN9-σކ%ySO0#Gz@a=?",,,,,,,,,,,,,
=->#=|<?~_A:)Dר?jƧt+]VꕷFU,,,,,,,,,,,,,,
sJa,f?@0-+s/ʱGcX,,,,,,,,,,,,,
w>D?>u]ɸ3_0,,,,,,,,,,,,,,
Dc1A:&($rUcޘymmp$G|1YP>7# ^cHS`gchSd}$.槓,,,,,,,,,,,,,,
F|WN1ш=ÃBh m =}F9ZTtN|t}(fT3<wD;=wS~47BLz򻰠| uvϞ.wPMCt>^Y%4#/x;yE,,,,,,,,,,,,,,
,,,,,,,,,,,,,,
077XoV\~2$$ho>?wCε@C,,,,,,,,,,,,,,
kK<t'w|[yK_>c.|/7R? }҉3[ntC96HMwOWw,Fnx>#ViB6`aɦEp*meW)+=,1r@߆7t\/D-8w\pRd3+oȯw(ۃC÷nz,"أQfgޮ[?+Gc)5D+їcY/◻oT;""`.<"";m!",,,,,,,,,,,
2>yb,0/錷oUqH!p@<A@R9i4,,,,,,,,,,,,,
~%H+*rN<pV7 Β,"4ʆ\S!	:4$?N[",,,,,,,,,,,,,
"/~`:ǧvD?z3}_`CG`fo?7=|?W>:vLCͻ""0Y735\j:]\;r","M/Xsf&}oӗʩ-'42ڳ똼sK}t?{`&^7K""%╧&#s|""O[Q7ү^K@C8*2lKbA*蟊ŢT?$6|@_鶉>O}?Q|#nďi2$J{l%$_#%m} {@'H@:'ʧadh","+o#IFV?""m",4â fC,"씣M'E/""^ރZl9/Fgl8+n}A=RZDU|yc2=Ͽk[u'T^aCR>Gdѩ02λ=ސx}u=ҟ﹔u.rT|-_͇Ornq",,,,,,,,,,
P0CNv)IY:.x~Sn|e%ޙ}E?YϐoF^Kw{?~Aaߊ1ލ{J}0Xw'0qr9,,,,,,,,,,,,,,
&y>0c(Evd~~~A|.?a,"zx	KBDb.aDՄ6C:n܄BI	A!b~QV8v=O7aг	KoKج<mnNR~`{",,,,,,,,,,,,,
;4aPLM/&J9,PB,,,,,,,,,,,,,
 ʯ~`?0zo0!9ua\,,,,,,,,,,,,,,
"M\In[ !G~$Qov/w#:e;;.C<JFMx	~[>Vȑd9)0Va7@aA{Y>",,,,,,,,,,,,,,
"aER0j U|0$%	9ț",,,,,,,,,,,,,,
N),,,,,,,,,,,,,,
5>aB 59Y^vvƁ,,,,,,,,,,,,,,
^:@S BYn,,,,,,,,,,,,,,
";fv	A",,,,,,,,,,,,,,
UeЮ,,,,,,,,,,,,,,
" pĽRKcݖ	k3G`HB	檤V9ÔQ+KPZ$y15nr DcoGxBTBK5ЄEh5]+39p!W{)7jA)D/灯2680*\	5","Y{amvC{oMJ G6X""c߹eWb6mqp2n-$ZII*YN8EmըD'pm0JC ROػKK +!Kb",,,,,,,,,,,,,
"z-l3ȇƐ'+^մBTk^hR̴J$""`5kծYC튜9[nzکRuNހY-eStlJS(Sbjc2A=Wyue5p","VWa(	AYSBc*kJmOm*ʥ0Fڪo[7-:Qz6ǥ3Mꖇ視k4",,,,,,,,,,,,,
"oqysj	iW՞CʹG?bqFBjh0Ƃ^{Ѣnk2~эu1n`mk>",,,,,,,,,,,,,,
y,hVP6GŦu_oĶڣ6ܔ9u[f5O\1=A2є*eܮf-8Gϊm)Мg59XD9K#QѨV6m}+82ouDL%\)uQթ}X,ݯZ)WsNHdaAia!xՁZs\/9R-}%m,nϮUϥt462qs5bjFspP+Q(:Ǝu1%Dq(q?kiɚ:rƔZufM>њ-}BԹ9^Ʒ1!MYaRG`QNpޚÐy|; o8N#IHP1u'MPi'ўqNxXcr!AIDsL r-& cfi,,,,,,,,,,,
"hg<i9jr""!e9S",,,,,,,,,,,,,,
s{,,,,,,,,,,,,,,
"~dNPeIr)+C6KqkJ""7M",,,,,,,,,,,,,,
pBiF,!I󤽴3vRMxO,,,,,,,,,,,,,
"4U9h.GWKAUwGKa\R7)U҄ٗ9cuGӄ""󶅌r-mdoXVͮ#U>mzAH'WnZO[wfMRذQ5~*YN_hYNkZclM[f٪V)`quXj1YѨ԰C;6ڝ`9\]`cjhA]B-RaAΜQcٲ^TlphՍZQƲZRXظ^*um/kgRI+2e%^U(i",,,,,,,,,,,,,,
U/S5]-Z2z&bV{k:R?8HH,"QSKڢZ;ƌk$%e2ϲss)Y&QV	66jzQWY^%yl","RZA9g3[TW@b6kXԆ`%^'Z)jM""hYU-]!Zk@tC氅~mv5Tl$",,,,,,,,,,,,
M`ly$spbyFfqoT+G@,,,,,,,,,,,,,,
w;곦QofXݦ4УC+,,,,,,,,,,,,,,
mC%cR6RT*07ǀԨٖ4qrUJ;~YxFr 0U`jx5*i[гhThe^Jo05 NKfQGƐսjw&8bj>jLVO$u5ų):,,,,,,,,,,,,,,
*Р|M͔l^,,,,,,,,,,,,,,
S\Pk 3t=,,,,,,,,,,,,,,
ՙ1YAY,";R Cjn}""^ iY-oG%",,,,,,,,,,,,,
"]UزXl%LsCvFZ5\r""0>)a:o3M+	@(`_Z*I4c:2","*FJ`VlXִc0N:k#?tڴTZAk|Ƅ;6fhH*f<egF#l{*	v$SN`Rev(39`{r|es",315IC^frx|z$3yzY2@eؠI*#tnxLa&F3I9,,,,,,,,,,,,
"DSl*+dS965L栕DzBKˏǩ4p#S3ˎ!@8KO@Tf""FRi*9B3;2",h/$1,  )sL>`\&,,,,,,,,,,,,
e<jdԛLs*j#|H:5XىsK*f1+rZ5YeysSI,,,,,,,,,,,,,,
p,,,,,,,,,,,,,,
\]7ԯԯnohmGfmGfmG~G]_]{k;3k;3k;3k;3Lg;4{*V ݠ-0Sq>>C-*Pǲ9)@׾5Zcmh,,,,,,,,,,,,,,
endstream,,,,,,,,,,,,,,
endobj,,,,,,,,,,,,,,
25 0 obj,,,,,,,,,,,,,,
<</Type /FontDescriptor,,,,,,,,,,,,,,
/FontName /ArialMT,,,,,,,,,,,,,,
/Flags 4,,,,,,,,,,,,,,
/Ascent 905.27344,,,,,,,,,,,,,,
/Descent 211.91406,,,,,,,,,,,,,,
/StemV 45.898438,,,,,,,,,,,,,,
/CapHeight 716.30859,,,,,,,,,,,,,,
/ItalicAngle 0,,,,,,,,,,,,,,
/FontBBox [-664.55078 -324.70703 2000 1039.55078],,,,,,,,,,,,,,
/FontFile2 24 0 R>>,,,,,,,,,,,,,,
endobj,,,,,,,,,,,,,,
26 0 obj,,,,,,,,,,,,,,
<</Type /Font,,,,,,,,,,,,,,
/FontDescriptor 25 0 R,,,,,,,,,,,,,,
/BaseFont /ArialMT,,,,,,,,,,,,,,
/Subtype /CIDFontType2,,,,,,,,,,,,,,
/CIDToGIDMap /Identity,,,,,,,,,,,,,,
/CIDSystemInfo <</Registry (Adobe),,,,,,,,,,,,,,
/Ordering (Identity),,,,,,,,,,,,,,
/Supplement 0>>,,,,,,,,,,,,,,
/W [0 [750] 1 7 277.83203 8 [889.16016 666.99219 190.91797] 15 [277.83203 333.00781 277.83203 277.83203] 19 28 556.15234 29 [277.83203] 30 33 583.98438 34 [556.15234 1015.13672 666.99219 666.99219 722.16797 722.16797 666.99219 610.83984 777.83203 0 277.83203 500 666.99219 0 833.00781 722.16797 777.83203 0 0 722.16797 666.99219 610.83984 722.16797 666.99219 943.84766 0 666.99219 610.83984] 66 69 556.15234 70 [500 556.15234 556.15234 277.83203 556.15234 556.15234 222.16797 0 500 222.16797 833.00781] 81 84 556.15234 85 [333.00781 500 277.83203 556.15234 500 722.16797 0 500 500 0 259.76563] 171 [1000]],,,,,,,,,,,,,,
/DW 0>>,,,,,,,,,,,,,,
endobj,,,,,,,,,,,,,,
27 0 obj,,,,,,,,,,,,,,
<</Filter /FlateDecode,,,,,,,,,,,,,,
/Length 333>> stream,,,,,,,,,,,,,,
"x]n0E|""64BʣX~ CTeȂMH`͝{f<XUhGpqXCDB2ݩkq49cώjir9ױquz2QQ0MR׺'l]jy홻sdvMڜ)ʹ",,,,,,,,,,,,,,
"?TӪ-Tz7wcY1D$PW1	O""y#=""D%	DSX] fg""2)6""!9`ɀow/L62uqO+\0e@-]M'",,,,,,,,,,,,,,
endstream,,,,,,,,,,,,,,
endobj,,,,,,,,,,,,,,
4 0 obj,,,,,,,,,,,,,,
<</Type /Font,,,,,,,,,,,,,,
/Subtype /Type0,,,,,,,,,,,,,,
/BaseFont /ArialMT,,,,,,,,,,,,,,
/Encoding /Identity-H,,,,,,,,,,,,,,
/DescendantFonts [26 0 R],,,,,,,,,,,,,,
/ToUnicode 27 0 R>>,,,,,,,,,,,,,,
endobj,,,,,,,,,,,,,,
28 0 obj,,,,,,,,,,,,,,
<</Length1 82792,,,,,,,,,,,,,,
/Filter /FlateDecode,,,,,,,,,,,,,,
/Length 33407>> stream,,,,,,,,,,,,,,
"xxE|f<RIvPB	C&@& P",,,,,,,,,,,,,,
"E""]Dij `^(y{f1|+	igʙ3gbDPFWz|hҝDvO$Nk4>a>Ń+x͸$w9CD]G_;&z~Xķѣ՘8iOuyhy57_Dsr\9kw#~\g""_L4V""xĵƷG.$n>tl`Y{47Y""̙s}dހ.4ڗN>:s9?%""?r^҉@/F\wXxi&W'P",,,,,,,,,,,,,,
"LEګ4}E#jLh Ob>@3'	.sF1T#Qk졋PKa@qmhGYsG:JH^""VR?.A|CkmۘGEDA3Qu}Ȼ;g 7^",,,,,,,,,,,,,,
V,,,,,,,,,,,,,,
"LEB/0lrF*Q(wrMhGEPY Q@D *խ*LhhPGȥ\KE # ڵԑ${#AJKr%&SW84`+MїЃ'2	J3W/F!x)` ",,,,,,,,,,,,,,
"_P""*Ƣ#riω	7&B_G!2h{_iG^L0?2}xx^!9ȼ67ڧ@k`o@1FAnw1#ƦblhʱO=98sZzctzH+3\Y1_""y%L1}v1UޫQQY.Vy|oT%\/۾TrcMG1'ZP",,,,,,,,,,,,,,
9)rc,FhDt/-Gǩ1Rޢ^͠оC{aY,]V.0(udVIi~io4bkT,,,,,,,,,,,,
"VTr?@DW߶ўEbNY6PӁf[j^ͶȧcmƩyVˣVjuPkQ䔁R.@4uQҕoQ  YiaUKU3Bj	w;]>>x\", ,,,,,,,,,,,,,
s:U-UƧQu\Vbm]-(k^B?,,,,,,,,,,,,,,
'tsb틤J+{h3@#iѯ]F{K_f3_ӷ+!kjYXYKĺYGLgeZ/сR~3X|몘J;P75 u'j?%t:nCx@UOd>@W_7hȰ8,,,,,,,,,,,,,,
1am3-7Dc'i̩Vr\6*,,,,,,,,,,,,,,
9hю4i #%ReRF1Y<An3ݴܬ%%t'̏chc&c:%WsiOG9NAK{8#tewGG[p/T7g Q6HDSy>1_27P>҈:H*_itIy҃M~,LLmqh+>^C-8LQ̽'z%oioB3^w'f(t,,,,,,,,,,,,,
rz(gV2],@-TKib܇>m;,,,,,,,,,,,,,
Fκ8-}M0בN]@r$_%ȺF 꼶RCnxr}E]+')Ls!'I0-&`,,,,,,,,,,,,,,
vxMeKr*VٯNe@UjFn?jyn,t(G*CWᕡ~ir oq2jjބɶw,,,,,,,,,,,,,
"(-GS}äs_VW!m_R.T~Vc^6F4_P%X7 Pc9&^`G3@ORg*RȼjxU~8ȡ<0UXt1_Qߡ?5Qױ_/@?i tz R+ӷ$B!WLJ~?q^S_""r6sJJ+٪jXDU*s'`",,,,,,,,,,,,,,
"j90V{FCgI"":<ѹCSG 3A 6#pG`D79ve]¼9eX;g[V6A	C+/ 0ν{ 7 yf̹&_",,,,,,,,,,,,,,
L_Co?-,,,,,,,,,,,,,,
isUF^#ğ#|oT'Bџ98,,,,,,,,,,,,,,
|ζæ4,,,,,,,,,,,,,,
[V~tK{9g,,,,,,,,,,,,,,
"Yدv+JۋLK>_+nTҭ!b@Q'ylr%""M]tsl""kZDI^`Mk`M`LD¯tP54koY#p#]ZBvjwToxjDU?=Ay:(2_#u:+קQgK",,,,,,,,,,,,,,
"Tz>0^NhOyr)~@(ٵV""0Pȴ.4[aK2u_8MMv@",,,,,,,,,,,,,,
"`3pmE_c(Xy>W9f~;[(y7tqRĹazzU}^""\.ϖ?^WbO<N=j?&p7DQ2.%I",,,,,,,,,,,,,,
߉q|nu,,,,,,,,,,,,,,
")ECG""q6?9ޡXrt(R[RsO5X9J9N",iso{]ҽ&HڴJRS!צb}_:4e~-Wk+3;A6}wC9?6ȧ8,,,,,,,,,,,,,
|s_UW=_M,l-,,,,,,,,,,,,,
DɺKWK,B9l3;@_t)83fRZB}F4r̖z:vIJ{7`~D1L}ywqyWsGBV_̭,,,,,,,,,,,,,
_P_rB#g36_AΝ.ct0Aܽ=IC%[Qm¸||pp$ف1^ؙrR@_,,,,,,,,,,,,,,
xxg,"\PrTX=$~ŝs6	w[D:6|+@od=a]3ao88`]% pD٩ȟ^	IaVx;Pdq^Y6",,,,,,,,,,,,,
"QNxbU \ЎUQKw̪@xA=.@x?ԯGU Qs@xG@x~Z^O9MA/<!α+kNѿC{t^}X	",V'R}5?^.K,,,,,,,,,,,,,
-YΩӠV򋺣ɲQa;^4;o画>\8ЉNyn[;lL?zh[!^c3mwd6\y?w@ax[&f,,,,,,,,,,,,,,
"TZsPLF~tFͥd6pApޗH:XGއ30zN'ʐ2{{95Z/ETENS""O2ަ}\<h!l+UHxdoeZCD3o""NJ)]g q*Rvcb+]ya.uF}AIwR&cOPCy9y8̫sTpF\C޽ 5^ߥT+w?\E:TDU\}",,,,,,,,,,,,,,
"yr*h$qvVU횈Ua8ge8T/i%{#|.wcOUhNOܥ!+՞0`m}/Q'KHAJq%ƦNi+s`dcbb`c; X^ۓN%4'Ns9gJr^""m?_9",TU*E!l9]:>Ok֫J_,o:,"B*-xsVz'WߞzL:vyw8E;vlt\ɷ97\S)t$ K!247 ݃%`h*Sp]6%0p)Qa(g#lJkB?u}U(w0Q'4`e.xJQns7xΠ3=""ǈ\жdE)ۏs?>%pc.r%o<_K0.ChpP(/8ocK@9PNqpʁ_KO<o-W1F`~b","}<cI^Y݈7ݗڃk<	altm>;X񦨆+t(/P֝^w0l//:o$E4ۆI{q",,,,,,,,,,
"a^o$a	cKh0%e2\#",.%on}<{4TȥH',,,,,,,,,,,,,
҉w5|~GC}#}Mͯx)#xO]SrVފ=,,,,,,,,,,,,,,
QRz#pܙScN- /,,,,,,,,,,,,,,
nma8jDo ݝԜn@,,,,,,,,,,,,,,
"Our7(Rr+I>]+Et=quu/|=MU˷wo(EcO z\~3l{ŝϟDFmE-z`/[Xx=%X%VϽqQcsēXR	ȵSgmѦp4Z5i li9g]~F	է*rs*^orlAac>Ċ7WR""Jqx݁/A+?m~]mƅj_ީT}qeQyaC=j$xY[ cFKHwsևpD*p~3䙫8_{s`^)Res""3j+iSkSyb&u[BzF =zFKN?5Olw⻇APEؙΒ:S61<",,,,,,,,,,,,,,
u ďʳz]M06IsHO[t2bcT!i^w8^w^}6Zo&+R/*7wΜM~蔤?'6^qޖD0:-ԕ2qKFac.Erت-:8Kw,,,,,,,,,,,,,,
RewaHk?P_qq+C;+r,,,,,,,,,,,,,,
"=	nFa嘨MĹ^/yyG(",,,,,,,,,,,,,,
+YCtr3uPgQ7LjaM8N)8,,,,,,,,,,,,,,
Ov/DMйXiKi<fiQ޵}y6\qr@Z~q?,,,,,,,,,,,,,,
ԇ|/˵K}T_=T(g݂lz蛵֑[v mCjuCYE,,,,,,,,,,,,,,
Nw;urP#u,,,,,,,,,,,,,,
"Y7 )ۍT-K@""'-D/P˄Se:F@]B!YU@Ⱥ2d[#+v~{ ~6vEd[g#}Kewlj",,,,,,,,,,,,,,
^(G.C.'Og-m.yۇeD~:xY+,=inAs{4R0@ؘ%Sdk8r];V;u7jҗ,E.M&ɥD7Rj iNx3@4qʹo!GRTA mڴRӞ]/uƍhA3LP>B/U,,,,,,,,,,,,
 l謪e`L=U*[1_\/d?/ tϡ%@/ \44@m h(# {5\ґ;{,,,,,,,,,,,,,,
"\֋؀Uӱ[G~	:޺[ob.TZ{(H'6La] hzw❠)ȷ",,,,,,,,,,,,,,
"'(F~קf{Q뾒:Rm37DW7Ro2doq/%4Zb""w+gJxun8ֺ{X*lUrm8`]#9X}7c1\do4%\L1:Tq*(+ush}F¯4bi]ޘ݉-þ9	P_lE:m8lz",,,,,,,,,,,,,,
d/}X}b\,,,,,,,,,,,,,,
W}C_կ<`8{<sTTVvSNPyU*hM#Wo~z3A镺ЃæPc1Yqh_bx8E#$`^L5m\Lɸ(k1f!]mD&?C}Is4&rN,,,,,,,,,,,,,,
"DƋ0~<N#o&V 9O&yQt%϶7s̟Qg? iYFƉ4-4Z cE:a4Nޤf@ΈW(^}!xDys&)cgiJJ3UF +p(ccUH""g""UlqjþM*vڴ^Yeq-S/:猫[þHC{=ZP<ll~g","|}L#?7##:=/Μ=@7 Wu$ta9uw&2Pw=f{L$	_*Hރ	MoL1뾏Lë4^\^",,,,,,,,,,,,,
"""",,,,,,,,,,,,,,
"g&.р%ܩmC0Ո䋽\(OS:mX9>kwʽ};PυbΧP.gD+ߚ؎|98J9ƤFq~=BJc sbކs}֧AZ:H	oď:ĨG3%{8AcP^+BR6{h<+k-䯷&>3sET(5\]*q+CBU(CoYOiH",3WyfP]NIߌ DWvToja<C4,,,,,,,,,,,,,
"*έR3 ?]	cmZ[U/hms1~DQƫ2b̑",UI]XuK#֚}s0!:L3;i0ίprrAũ5'{_,,,,,,,,,,,,,
9>bFZ0,,,,,,,,,,,,,,
uA^Wҕʍ4D<U~Vjo6PJ{Wozm6[gL;yl/&lLKy @@rKg@Q`p`HKNʃV0-6,,,,,,,,,,,,,,
v^98-xoZjԸԴƩR^zg}xfHH-mXڨtKÒˈɈϨQ'aF܌k2gܙ1+cn3(ؙ;㥌2f|efnf^fWf^9qS\ۛFbgqg[=lg?kq<laNi,,,,,,,,,,,,,,
'':J2ER<S~QV,,,,,,,,,,,,,,
fk>{\cn3O&H䗒S(ezʚ`[+~`,,,,,,,,,,,,,,
"HA0'&+868R\\H1֑b~!RC	i)FJ)FR\&cc߀@m+8*s",X)ƭO[?k}h/!E:[l֐bNg}~<+x<X>|rt!E[|; 4Wrc䭐83l@~7ʹ}ެ|sDߩ$:>Ǩ5[ǽǣ{q8?Nߊ>#w;OO!:QxmD#;9K?K=<Ti/pfzˡCm<P%9_+;z#<`ǃL;z02䷋hD1F}fXa,"7[""DQa_ha+5믭`j۴CXsz]+>o2Cܿz`x0@<;=s'y",,,,,,,,,,,,
"!>dQQ7@T[Kgt	խ""\`I̻-:(Z3:^~&:",,,,,,,,,,,,,,
=Dw]i>͡U(=L>*=@~h5mS#F4FIo(z^MzWt%C{i=AWh!O{44įk:ZCzO7`_>&dh,,,,,,,,,,,,,,
Lmt+=M4JvN8S4:KR-g+<3$dj [d.fֲg=az=6M18{=Bl3+e[WJ=Ŷvel,c~Vg&anVŲ,{,"ӓb	",^bI6Kf)e,,,,,,,,,,
Fgs:,RY{^go7[l{:,"el{cNVcY:F_z>G""}~~D__їiB_WkC#:}:VZߠ?o7OO!}^oѷרO}K߭???////ooo{>z^-Wm4qMTMtLͥ5_@P?O#gQ~\?>`#1;aQèiX#Έ7$l#hiO-ssQ1/=_y)_~-L٨sQʣl/yF#4F#KzN.nc1˘ms<cqXh","2Kei+V5ƃZ!a>t>OGuzcd<f<n<a<iFj<$x=IڞdO'	zR=itOO'SSO].6;SNfgռXhv3=K͞f/Y`1 syYh",,,,,,,,,,,
sYi4444d{|999i43{Bsؼ׼\bo.5J+ʷ:ZUj|xUF)[w{;~di3~cgX;α5Fqr&wq7k=<{y4y,,,,,,,,,,,,,,
"^ǰƼeMX6<'$^'7Kkrx:kz>oCO<|*oƼ	Myoƛ%oefΧ[6>O|2w[ms||||o~`~h0?2?6O3sy<n0O1370v4O̟͟__3|4y<jr-Fjq""sq-^Kp).եt2].qEiZV[KRvY.R4-wptŸjb]qxW+ѕJv+ՕJW+Pe]M]9fV֮6ZVΕwuturuvuqu9kxMzQK\=\zzz",,,,,,,,,,,,,,
\}\}]\]\],,,,,,,,,,,,,,
^o֥VO*vvvvX}~Vk5к*A|S}|}f*r,,,,,,,,,,,,,,
r,,,,,,,,,,,,,,
"v]5Uukkkj5k]׹ƹƻw/b~//K2+*?ϯ=k=y~1藣_~?Yyĳ޳gg1f[u+ە;lerXOYQeYyJ١<<챲&V3ՎW>R>Q>SPQN*)???_Zk	ϓsrEV?s</B",,,,,,,,,,,,,,
S(M5iZ{-ZWvK닽 %],,,,,,,,,,,,,,
׮ji7hm6]ݩݭNk6_[-ՖhKJ%K[6hi!m+,.9Ej(ڧQv\N;l],,,,,,,,,,,,,
"ݣ[_)=YA=UOz=Pog+-ZozgԻ]nzw~S>z__/""}O{6{D䣸~^Gc<OE(=",,,,,,,,,,,,,,
KFTlTbTJTZTfTQ,,,,,,,,,,,,,,
.̍ʋ-ҨQQGG56OF}<dѧ-,,rY^oղF['RkzzzzzzwZ8ߍ}|cO?????^}>]=}ku:h>[ZGϬϭ1K+k[-xof#3v[qnͭ,,,,,,,,,,,,
vn;uG-wptX˽[CQvLYEUM=Z0k5]sǻ܉$wmw;pݩ4w;Ýny۳׳]{==x>|Ŀoq˴Jy2kNO6z}A[h+yf⯄)|H/ylUº}P*)J?g]|pw[|}'y8kQ<*/cx|Q{Ecu.[}ws<2:I/#u{X>El1[=.o74o7ÛnFYWz/^m66F[c5ֵu&loSoo_o?o owww1__~ͯ,,,,,,,,,,,,,,
w~4G-kcqx?џIQoo7GOoxv`?˳Ys2Uo=mw{0Q~_A\,,,,,,,,,,,,,,
"J@	*Jm6",,,,,,,,,,,,,,
Vkàzhj=?^^^yKۣ,,,,,,,,,,,,,,
}4AMf׮W*Jh[[۠fCGӠ9YӔ,"!4BXid+M3	O",,,,,,,,,,,,,
Q&tO>j-p&ڦ5[kdh9Zkmr=ZSkZvDL>V],7ˀkN/k{%RkZaVY5փZ!aR9V.V)ݕKˬ[۬+cZӬN.nk5;m?,"""U",,,,,,,,,,,,
"Dy-F͘Zq	ISԴ:uoհQ&Ms5oѲU6m^ԾC^~Nt[Kz\ڳW>}0¢A/ra4|QW^5zثq㯿aIo)zioqǝw=s9sͿgEoK-V?=ȺݸIy'm.ݲmOo߱sg}yz_yx=oG?>OZ}X}X}(x",,,,,,,,,,,,,,:סEڶiݪEf9M4n0Azu33ꤧ)ɵbkԬY(e*Q.]␚ޭ[#OaCAucPX&1eR^Y%e^8e^EJRn.ОlPBuN/
NJwO^ ^SS?s0Ċ]B]'.Rm;wnԐ6=pz,,,,,,,,,,,,,,
"ť3q]ndzQPbz.΢!%˰>]:'5jbFQzǐ%P'YLH2d1154'aY>^52}Cʰ""Q?vM9T8rlR%~LPxKJfCe}",,,,,,,,,,,,,,
"+ǦϢ""^ѵ+!DiEEKDE",,,,,,,,,,,,,,
"\G-F$ͩy;#%Xҿ0=5!)hXڛc[	iphqDy+;FUIL.\=VHwǀGQt՚JFF21pFGƄ\K|mEi`Oؼ<ǐaNS;j@ul/-5L@|T +jOM<g{",,,,,,,,,,,,,,
'4OaI$(ċELY$ 3=S^U^,,,,,,,,,,,,,,
,_l.ۆX?D,,,,,,,,,,,,,
ޣϠ`bG=o]B5;*Iq$EbP^^Xx,,,,,,,,,,,,,,
BjrP)2|EԿn.I~gsjjG?PU3yJJ,,,,,,,,,,,,,,
TR5=صdv{/d_חR9IsЈѬ-+٬>ج~,,,,,,,,,,,,,,
"wb۩c:+Ε\@	",,,,,,,,,,,,,,
`,,,,,,,,,,,,,,
"I;XUHd	c4b;eʂ#F",,,,,,,,,,,,,,
ER3aé9MDNl͉ddG(N+9ǊGQQ[P2')-zr`zWy8 ,,,,,,,,,,,,,,
)m19yAkHZ.m3ޜ黕M4!xS iK^I&M%-5FLN ?lM N,,,,,,,,,,,,,,
"< <&E٠-@ #+?Fy^	QQDI$!pYӁ'F `",,,,,,,,,,,,,,
\kVy廕4,,,,,,,,,,,,,,
"r r_'elU3'/ߧG ғ lm!q$Qڨa-A""sP|2D9[jƊ(a_|Np1erK ]=\I^Yϼ-/g:ZTJ","vV)I&T.gRi9hq'%^&/554'ܥI*ydbj:Rg7z-[˛ ?JfX#]WJ6""j%jvUR$]<H]AWmɬ(ۥ",\D(}xh)w)RllCJ=8d<,,,,,,,,,,,,
irЗU^+AOJPS(3i(Shr#- [ZS/gC0]%ChWY|i2Y(0' <e▸q),,,,,,,,,,,,,,
"'	(qcgLRZ+/r",}BHo:tCSO,,,,,,,,,,,,,
"Gk/P	= ",,,,,,,,,,,,,,
vQA@?th3Н[@PXXbiVpqIFlN~?OŇu@eh<hH>tC_OmtKiBR]'J)+h͟(I/LD-u.#|birF?,,,,,,,,,,,,,,
i$ZC|mi+ɂ/ȋo(o({6,,,,,,,,,,,,,,
,,,,,,,,,,,,,,
|(8/V=@.U[ϣM]stst>}KW~8,,,,,,,,,,,,,,
LcX  ɐ$Fh/9ƃc<8ƃc/KbpŒ(G-G( G8,,,,,,,,,,,,,,
Q 9,,,,,,,,,,,,,,
Q pHp@r#yȓyG8$G8'9,,,,,,,,,,,,,,
lpdKlpd#ْ#ȖApGPrGAGA>p$>p>? qGqG$ppGqG}/eXed}`}eXeRf*0,,,,,,,,,,,,,,
2𖁷eLI,,,,,,,,,,,,,,
#8B#8BI8BI5X5X#9րc,,,,,,,,,,,,,,
8րcX#$@p~;+4鬾脤S逤fIouB3$B$2%E~NJXP`   C6oZFoI9C{8bpK???kOGtO^GZ9,,,,,,,,,,,,,,
XDA:(9l6'5`{'{|R̽ +̋l8 ʬiq̖lw=l3V@ 29Y@PAκlݖԭ]uA,,,,,,,,,,,,,,
ti|FuUĞBm}4pяc] JAm2@,,,,,,,,,,,,,,
*X;-h@$SUZ7Sn2[1N@;@ڤNd4@Pe*V<Od`q؏C {3yF8?P>lvhHЧ2fV /-,80vPٲl77Ld&6:$0,"70$᥁E5MȰ;ZQ8cb́@@n!_jηUB.! cZmgchgiFlĘ5LmFn4uS5IfvH^xUJOT1%=ud=Be#`~ۙ9-#A=wݰZe736!>ۙ-J&5/i1p׼""!C6];GO|egrhI~Eᰓzn*;Ž]:тPsK_\dd2h$ ّ""IG}N	vK^ʔ2^Ne"".72M@UJΛ33e +XazPV(@F",,$NIZȲ{@8MLHzH1mi:i✪8(84g橓#F:lThRΡ靃/7Ӌ]n~1oTҦyM\Cnaʚ]QVa_d+2+eu|A/eu 2F&u,"tyn7pqRjQXb@h?5iJlyBQC^@D5o/0DT8t⧶KM68Q>;RD$#oP*agď.c:%[9%M˟3iҤ	cRzZAMEw.BXHȰ.Wv""P	6Q'\Y",sce5-9,,,,,,,,
>,,,,,,,,,,,,,,
>XDn[2e&-UAKSsPV`4#LXтVk24ZJGuKiiu,,,,,,,,,,,,,,
M̚ lTK`idY*ʚ,"lz`'8NOtH8|	z""\$IFNLL¾&NY	yBKk;zfbED[h0Rz>dX3G֔cI:Oaߟػ Tɢl=.E~Ͱ7""z~E",,,,,,,,,,,,,
clE~ o/^N&$v}Y,,,,,,,,,,,,,,
갘g٭(5f \ʧ|y5)ZHnRJe`JTDcS+SQ*]MwR}0(>D=@nHo@;}obXNcւ䏨Qv{cL;5W*fn=hn?h?AQOSHNw:@?i4FP,Y&$OST=jAm'B]ds,"%KpȣHWYlUW(NDzɗ{YƱ*v	jwgZfv/'RB ۇ]۴~S3l4{vx%E?R*ϫ-Ԏcnm1(?|qO`D#L",,,,,,,,,,,,
ގQ=G!\ߎ,,,,,,,,,,,,,,
"bW	l=^foJiR #|MISZ*+*!eORjc[bAۤ}#N",,,,,,,,,,,,,,
.-&FHb5Ÿߊ>x}5>B,"E۰.cQll[˞@nY<(~'_$j+YJS2H\6LT*wB^=+k$z-NMQ'Sezuvv-~jie;9DDo?7tQ`67NYm 5V~0SFNc'݇gaVJ9%ZģnxZSpyjH]]ԂLt.W#T#""ϊY^N{&h|7:V",,,,,,,,,,,,,
/:~~ˮfh;ڲX+6J?v'k\;P])am}SZB?m%S(a}M6-3.Zo4hkU|hW}ĈMUuzne7,,,,,,,,,,,,,,
"wb̘/0J_.LwC`V IA-CJf{	3!;`FlG.{#6n2ųpR-6j[g=zSHNZ9F-Aз37	ԐQB)P'H1gAwtZ2̀Vb>?=","`šE#P|z@Czz!#q;Ƽ!!%Ze!ҶeB/tf/tD	-cifya>+dje[13XclDQ8OXojQux)j+kg*7_Coң<uYAK=o/1x%",,,,,,,,,,,,,
"̛Krv	9?7xHφaD1w;bŕר_ ]Q0./ :(zJx:p({",,,,,,,,,,,,,,
QS+g,,,,,,,,,,,,,,
Qa4D,,,,,,,,,,,,,,
"Q6ڞSQjTըF5QjTըF5QjTըF5QjTըF5QjTըF5QjTըF5QjTըF5QjTըF5QjTuO~I!:n\7y5ISrj9SʹeX<g~=w:\ >fS`ҹRv.OǝAL5{ay3Mը-]GűZXSkD	DJ5Lb1k4削ӭڮDͧIJ-L-Wbb$3&)v=0Ԯv2o(U+>Xw^Fds36..11퍊rSgF;ޛܛW'y/{{Y$줼$%WpB^C?yr!+']MDw\?GDP9Sku陵4fCjhl4*5ӕt島~ϒ{IϯJ=U~=-mw-	|'",,,,,,,,,,,,,,
hW599y,q,,,,,,,,,,,,,
ȧlEU:k>,,,,,,,,,,,,,,
R6G;6!䐦51N&zl&K(Jx% yZ5yE,r8=ydf_,84#+Z+h0,q{{=hlt~/-J?:vtU,,,,,,,,,,,
otv.7K~_|0ǋ?Q#y:XʃZGZ*SbxR{A֯^y:̺^@t,,,,,,,,,,,,,,
rb>COO#U˸4f9-[23yYpYAlrD+[|hy%;[Vo[M~k|^~k v|>$τ\40u5vVPa_Eh+H,,,,,,,,,,,,,,
A5j{'[PXй={z6MiHj_7ZӪYwc<]E6#RPd!oSw$/~_¾DSRڝ&PߨmAJv)Ѭ_'NTgůLZY{eK&7M|gd/1's_,c%HMNmn,^9=$GZWSseQĀuw#OHtiك=}Yrrޗ@Qw93=G,,eKdY%DX4e$#IB$\Illld!,,"0dx@ppā`_Uz_}guKSf""[Qv;cTöR<rRR`-68J2E5q8:΁_{UOSI>hѢ64b","lS@X]NXӅue/5D!3}(z~qO=TveM_WȆ*Ճ*eR\ϹO`ucNpǜ{N-<t@)y@l5I(U55Hѓ{Ѫ%ɑ^ǁ8G W  N!T!IXzꤽI&=%N5Tg|Y3N v}A""f)F@vG-P➁bZ뒆1F.Uol@oMpD֮XݑsKw~r$럌{	e+W߫&E.M>SŴVF<fFTW~D~FmL","pQ(I'OU?:0f%JPPxePpXk$Z0WB^U/<!0RN_MӴ|D5DST{^J0bj$&Lߘ0q& o6xbTdbC6D_5uD/\kt""[w)H\1w U4S^Cyuh9[z;#$Kf'TYvͲ]r-""	ox=B+N6Mҗr/D)dA	ߚoF+cMx",bf-V<H ?<]G@!O,"hn&p	BJl.Z@E4h -W""5 \EH(K״~:uy3}f9mx_OSh[7ڵ9@׎ k",EB=.d32kqI-UZp_Y$x80 ;`:(* N8Da|XuO<hB&ݗ)?fd?l uuD,,,
qDu;QYpBg-sR벶[#w$󽿛Uz[W,,,,,,,,,,,,,,
"-MS߈~Dϡ6}u?z=^q)])5R;Siu~bvTí1>`7׌R@%thdc	?Bӈ&|ADݡF1~iB4SZA1޳!Fr4	%k'_>~q<]u<",,,,,,,,,,,,,,
LLz86TB}@<k{*Y8wXt*˴ZbV.DE>v=,,,,,,,,,,,,,,
"ȹDϸccsWϻliLf<1;Aju{Cx3Ь C͠3&T.'7&d\繤SxF}Sn߂z^Og[>۞M`"";'ڳQzzqh>gS1G94뭗̦+Nr|}cSUãmÌ'==<_G#85",ZzS^{喍WބM'9V,B<ădH,,,,,,,,,,,,
8;h̓$OTy`'C0`{G|?cQz^v%u<uj9$pn= l@y-a&7U/i<QUhi՟{I:>@}(,,,,,,,,,,,,,,
"G2{ѿ#?F? [NLzTF""h3Ld<T^sP	k",,,,,,,,,,,,,,
"ɘ)aHP63v<zz?wF%0r6	""}sEU3/bO4ԓ.u>oEԚVୠRR%{N]RyJ%Ԡ6ނNt5	J:E_㦾",,,,,,,,,,,,,,
vZϖㅴ~xV3bYAiETZj+'Ё 8 \OI]XBKڋCT <ig,,,,,,,,,,,,,,
SV[P]o?}0z,$/(ݿsKy˝~cWCĸ*zW_-кWG|{#;~ ,,,,,,,,,,,,,
"W%za~=0UTDԞk/E쿞V̾жSK=(	耄*S)U",),,,,,,,,,,,,,
p(*tJm,,,,,,,,,,,,,,
2,"eRiU6Q06J0<P""b$Qd!%""˂`997H?bF3oQͼ@s","(	r}:Uc""|;b$I""*xNXh!*OuRRx/S",,,,,,,,,,,,
"Uʷc|=^|IJIzi-zXrơU!cKݡU@LGXt.ZgZn0ឈlԱmg%4WϠąois w@CRǳPyky.	IF]:].gJraPiゃv2K4 2<5)#o0o{yy% \3YG$",,,,,,,,,,,,,,
Gr)PZXOr\N(uʏOr|,,,,,,,,,,,,,,
b,"$pA0y@VF0=Bzm>뒁;onѷ2x'Y+֭}""{iW܉ݱ~㏳]lg?ĵ+WVްkYvN.^+jNqs{?u;2o&f2Lg{wr!x<'b8!'>ȕF1V",,,,,,,,,,,,,
AÐۼ!r@^&%Ǜ̪2׭ 6U7nlϕ5_ EH,,,,,,,,,,,,,,
 C;wUL`(L>Hl|Df -x6EX@=Zhfbɖ߼nt,,,,,,,,,,,,,,
!?_rbtܥE{%ݺC;ދ#a]NP+D]e/ٰzjm^7WY+6#db鰧Y_ 4\,,,,,,,,,,,,,,
 VA,,,,,,,,,,,,,,
"VڊP\)AbqO&DXn@K'<qdGnIOuz	e񍒚ee}-Nħ?=/GJbPl뱛l ydD=^XFbbްtgG{8af3",,,,,,,,,,,,,,
5KV&Q113Wgf&WLI$syю^@,,Y\Cu},,,,,,,,,,,,
(W '$dl?O60hǆUdD'eSCeD-,,,,,,,,,,,,,,
"$9 RX]R\V;*fڣ}'EE9ד[<2:Sym|-Խ_]yOԆN آei""I-Ji }XZ03($AMV&Cf2ԬLN#ӂb2|]&]ۦvR	fiX17-6+c?eDOM=ƝzG5}?nxxb\#)i䬖;=!S&n;w㒸n;Ǳ9Py",,,,,,,,,,,,,,
Q!4ŜV3X][a2d,,,,,,,,,,,,,,
"lnD܉T<<GO)H7	oe`9@3V4A_p|k[?wMv",,,,,,,,,,,,,,
~I߱BQx4^hd,,,,,,,,,,,,,,
"F5+CxIHp~VσZ8AKt<k:U|i#ˆM8G|@:*΋ٛ3sҫ)5$[ia1Lob7z+TulX'5IW7lH\""1ËG͒$ J9 fS!",,,,,,,,,,,,,,
M9d¥(92TݥZ1a40nZ(rP(؎Z_>+ _(,,,,,,,,,,,,,,
kBm6JR!CIC7i`H2#$/dOЋX]ڮ5,,,,,,,,,,,,,,
"pVqb4ѓ""rBCJFTavЍ5!ֲ?[!",N,,,,,,,,,,,,,
M,,,,,,,,,,,,,,
Vs=(/Ώ{zc>QM;G0b(İz,z6$ay쵟\? S-Hѿf,,,,,,,,,,,,,
>c`,,,,,,,,,,,,,,
.un,zg58b,,,,,,,,,,,,,
"SF +cߠTc	I#w*ߖX8ϊHs`GbJDp4SJgWf[ӪRaP49غ",(XFZm?f,6l7.-p7SȨ[\o0a8lxf7n`&b,,,,,,,,,,,,
"f&Chhg1S@^ni]@	Z4r蠰.hUFtPOW	w",,,,,,,,,,,,,,
,,,,,,,,,,,,,,
_ߡ !,,,,,,,,,,,,,,
"<Aó_6H!v;Ru}u!\T3]đC3O-Tu>nvfր""xޭ]mudvqv;He;^_pʢ/W`$hPU",,,,,,,,,,,,,,
"Ԅ		p.N'(R5HU?q$hמL}bTHbQrgږd#]*xx*<r~탇GwF@(qtzzG`nha\M^f96rpݖ&TBܟI	:\2f&3'9AX))>Xc[6kܓ?8ee5	w&#6ԫSю",,,,,,,,,,,,,,
McrQ#RKeɸɄM3%K[Zh6W[U9NӺмв2ff}I2n$wv&),"y9""l\ǝ:QsI;pp.`b2-'x5:%ZYԈ","1!=}0	1n}0ytJ6*1rӑ^nwTXD㯮ѫv>*-0uӐnKM+f",,,,,,,,,,,,
"^P/:nL8LI7;̅3FhkWRLmj䶔^S}c 1g<agm={Ĥ>a?*yUʓOCC)$_gKYrjrjJJe)p6=7H%;DId>'dw""",>%4E^{Sq`Lơ\'C ljJ?*hBf4Ȁ̪R+,"yT'uukY.j#j<q4a{y8Mv""aa2p1~aGi2'(=w؎K/{K%wT	Rɋ?y{Z",-ZyYrud<ђ,,,,,,,,,,,
"ASZ8qDp>)r?wy)ǕW^Sz~i{W޶*Tg[fO_C]ɥی ~@g+`	=J~ȳ(T>~\cǰ~c/RB4",,,,,,,,,,,,,,
~C<M6qڷ6Ƿ1}g}{8.7sLWoI'BY9Up%R/ҩn(g͇>N`rPB-4:j^(0Ie,`K,,,,,,,,,,,,,
".3ȁ4&.H7dr[ihj*! ] !TXAFzπ""$ol;Ĳқ8P","L1DUքp~j;*R!Kvmx	L",,,,,,,,,,,,,
"cL-	.;nt{Xrxm;}{[wWl߱_|:&.-*05/V6",,,,,,,,,,,,,,
ԵZreUH!y$:y+K|û/V]|jIE{7XdMazIjPY,,,,,,,,,,,,,,
"PC]fosZ""J6>z3Wx5xXXZa_""&a]eƹq.ne>cnLV).GΐH59[l!b)	n3R*4ThGkudKG@|rnp*fwןl6N!svWiPIAva	3Ϻ?#W^ǅ蟐Sow]:P:b!ZNkR+`I""xf5ƷIm55޶ۅ;ďDq0q{""	BLiw(:rF?_Q0[`)$OYNG-ʿ7%Z_ºΗ՟*{ZCزu#RF@Xgx`fuF?xG 7eϯsݻ",,,,,,,,,,,,,,
ﻴ+t#V A'~xNVKo+=*>*O,,,,,,,,,,,,,,
"'Rc}1Y闦WSr%ޥT-dq=zŸ4$g[*&s6{ŅPl%(F]rvxrV-`R&W\[avݲp*]'OHܟ&ZU p""d۱;U3^50C^l(""nv<hd>5SC<",,,,,,,,,,,,,,
R<|:tD.&Ŋ@9Rٶ7i'ÛU@Ɍ5*%,"d#D;EdہjFXpMX)&@COȻ݃?]AΗ"";?2v.$l]2[ YȎ>}jPW/[6#/(ٸIp!XŪ^>]nmfǝbDӐᅐxdѴq1A9}$Cc5߶F&fG:\OMOi7	r<[u졲z}oR^P§{;.*[;ƶ/_Moڹ%ik骺7.<ݏb;G",,,,,,,,,,,,,
"]	$.)o_*U E˘K-mζ5k`6[>}/K2r LseT3MyoM1$n+W6A Mph tI;gdi",,,,,,,,,,,,,,
4E]qI,"b.2~/6:]	T%(5`Xuc=kzXX=@L~/*8J!!b",g$mcfOv$ܞ+ɣd," $trm$!_u+7 /#GFuliwo""Wb ѽEFɭ?vbSuhn ې鵁]wSlJBx!KRۿ(pn.^gq`4`PA$Kr|L7:(i~;95twKzyK9.bs!SczL=$0s@ir;ݏw՘=(",,,,,,,,,,,
"[kw^p%ŕ{vNLl7E>@D3jUIē""$vWP1@q",cPjA9^`%Z Id1b}Y>ʉznrgG{,"Cl'+O^+N'ޥyl#{PꕾܐX{/_KKRв-<wL={C%{#O]ܝ)l6g	Y|$ u2H$2<kXm4$#;I_|Cia6",,,,,,,,,,,,
|a&g=?rgP6Mb@x7vm7=<$ EDoEG5Σ-oL]q_-d[k5qvw{@꾚,,,,,,,,,,,,,,
"Xb $c[5)>j:	;WQ;X Zrʄa",B&6!,,,,,,,,,,,,,
TU*oeIa3[Ď3GM2_<i233U|EN?Ò ރ6[0.>>=(YvzIq,,,,,,,,,,,,,,
,,,,,,,,,,,,,,
" Mժu#CiAq 	Br|V¼4V>PP]|Q(?|AL",,,,,,,,,,,,,,
"n2TP	lЗǲX""",";\Y%[`B<qn	e;.#xHqUΨV_NVP t;!jIo^Lb6[Wn]ۧ+(MW%9;=1``~+8<KvEZJC]+f2o2!TQ""",,,,,,,,,,,,,
P6ɘn2c|e4cLx #)F,,,,,,,,,,,,,,
3i$0tl[Ll0,,,,,,,,,,,,,,
/٘D'8ih~zw|۵f_Nev53;bhtucͻݰ4)ooMg3;^ïnxč;Hу!rTw,,,,,,,,,,,,,,
q 5/=:?U9ĈbEvGȮߝMO皿9u_P(ߎH[ooD7~wL07D};ռEm1r#Wʵʸ5qO)hZ̞?9-l[$Q1RnNBPY;oo,,,,,,,,,,,,,,
\Xq*p*\߀n:6opήaiVz]>r@(~Cp=י{̓vV-$4mM&4I мAV@Y}^o~[tiz;@4ʏx-#}Z,,,,,,,,,,,,,,
HtjPQu<-uZ@e+;.hIs>ose*x," yYSIƧ'v}[DYJH>gʫ|q&""EMLߘܝ˾˹3T$6-ՁBrj0T;aũ/q61!5Y1munsmڑu֬Nwdݟu(j %VBIn{itMs3M9 砜@Y -T%ƗuC~-ٽ-y᳔W##7JO^6O7x#	yhH3g[al#C5iÛw`R;'T\>}$)U+YFot| $czGG<HO I99-D[QHqe;vt1Wt%Bj=Ţ9",U]Q_,,,,,,,,,,,,
z⒐yԴL8@Oc=*Xo5<ق%*Ca¿v}sh[2 8L.59M<l»=d,"%+biSSͲw]^tF|Uѿ֯(Pѓm>)ݼ:#>_q9mu㛏tÂ&S]=+v~CEIзpwOPI6sQ^<vyyQm<CN'=R.MʅoT5bOAVϪ^&c_*wwt2Λ/899iuYϿu""L*;>Mp?l/~H2ܳ",,,,,,,,,,,,,
Ȣo!HgS,,,,,,,,,,,,,,
oQRl',,,,,,,,,,,,,,
o(^s,,,,,,,,,,,,,,
"駣fǽUj/|L]gm6y_F:Z 5)2t&QI f:g@/N4]J&biXxd+/f8pQƱ7IH)O#A F~H 	Ʃ#p&Ɍ_E<c4$26EL5@ϩ%$QIiT1D-6DD	&җQXD$PJ޶.SFJb(4KΩ$@VeVxV\j$RT#KrethUB",,,,,,,,,,,,,,
3=,,,,,,,,,,,,,,
"?Gޫ$eMy)ƿ""Q[H@/{xW(pʝK'jfԁB38kn",,,,,,,,,,,,,,
"u$l4Vro-mp b*pu.{""Y=>1LRFBITEhDRj4oS>8blM	[{N(d?Cǧu1aJ>{""v)1~-@Z@CYp ̂IIɦeG?B)=ҖiUoi| xm&Q_O`~)u1",/iқtZnN6 foQ,Hݨӈw4M4C%,%i2ٟi@-kNTCiY3b_,"'4Nyw4K	-`4`?Nhԛi_#L&!Ѳٙ0Dhߜ}N!xOt 	-",,,,,,,,,,
"dEh3[?i	9i:",,,,,,,,,,,,,,
"ځ1YӀaΥv\0Μ[u	&iUBH447MaMs	@!k]i_Ӹ&3xMs:",,,,,,,,,,,,,,
kᙅݣӀO-%Hq?wڐa9e×iN{Ӝ9bB,Jjz0>6j,"0	""TP}PPFH)0nR(m055~76J}=( z",,,,,,,,,,,,
"ό̾**}TB9tBVq;aGYoJPGfx8D}_8B-k;	y9U(cpK=8;LjƠU7ANz0:r_?v	?LZaLt79*bmR?5_YD@-}pRxNeBe@i`Lj",,,,,,,,,,,,,,
"idflsFjwN	n1l3A%m9+85ǲ?}r|",,,,,,,,,,,,,,
" MK	sD&W""d-p]_ZRYڎ\JjkC;JdȑBPFF[ٍuD9IA]sdA2k.^$}.VkGLf?-6gAR{7ڸ93|m	N]:|f:b7YOc#TϜ߻6.s=&Dc 6gd`N4^Fx1&b@X/TyRYq6~pKlӿLF5ԯl1",,,,,,,,,,,,,,
"(!:<-Q1;CpCyT琕$t.ڟք0|	[Llsj'a6Bص|ZbEߦ>iu:Ť&Lb>'JT~+49#s<ޚ6Y=<R`I9&ǚ\",,,,,,,,,,,,,,
\wHJ'5|ڞBG7l4,,,,,,,,,,,,,,
j}dkKa?6/jΜQ72}gyb?ߺ|ʺŰ5͞;6وrVkf=Ql,,,,,,,,,,,,,,
s ̔s$-mFYzKXTc3k9זhkђ9z,"Q5.z2=8:ƼxudsfMxY\6A9cKf	1xBb^f'hMZm|+:<~һEo5THUCi-xfRSu8nm+kT	P- Y@i}4ñmUS",,,,,,,,,,,,,
)RoU:2FBZ6v%vePʘ^N6^ܥeDOf,,,,,,,,,,,,,,
"gUKFͬJ~%	03j}#3sh%)pnv-d",,,,,,,,,,,,,,
"³6C5\x""3#j0>k+xV","W2Y	f_W[h;+	-*3JRJ[e*Ơz","4m>vkVqAXFJd}-	u-*Ҫp2#!DzǤSqLΝKL/Jzϫef/9~`AVF",,,,,,,,,,,,
eÃÝ<OilQ#-<EkJ`߳sب71ҥt,,,,,,,,,,,,,,
"n(""%Jrξ^kk3ԮWjƺGHon?=ȆHWgm`Ped`l+2VF1HW$D	nOU#]ÑA ;<ɫt-A(Jɨt",,,,,,,,,,,,,,
2ׄG%yE.Uk,,,,,,,,,,,,,,
3TF;×woVzݙJapxUr,,,,,,,,,,,,,,
"~!;94uG""JK'awDYPpf^`_SƔ;)c(W+Jps4tGF[.hs2<2:",,,,,,,,,,,,,,
mF7,,,,,,,,,,,,,,
"`cD!	3Q9 x/p6gf0hoXl}۔HsC_6[m1F|v |L_Ke4|9^=07=N",,,,,,,,,,,,,,
*6`g  Hmw#,,,,,,,,,,,,,,
"ԿMo:|z#""0<Y237@D@:G9s蟑""d.G6Gݑμ-:	KbOwJyb%ny 	o	""5rbr^37@6w29J0()HOWoFcXP~J'1",19s'922 {krXNM#}LqJnY^$3cs)^\=Grtqó]jc㾆5,,,,,,,,,,,,,
#%(tGz9L FzBưJ]J|`|$zkSԔFGLbw/p?L&L: L)5Y9[x熁-9V2d_6inF# Lje `}RZ[V4W)-JSsʪJ%X`qu-+Z۔jMmQ55W(Jm}*mXruemre)~4:mmTzWU-e5PXZ-Gmm}VCJSEsk++M-U0|%tPPTW5PTRSr%b5̾oYcS[sVqeeT.U,]Y,,,,,,,,,,,,,
L-[YQ[TVW,"""w5B/ͤ>5U",,,,,,,,,,,,,
"ƫZk0Z\6ܺ*GhmT77BNt5Ti`y+MpyuK\**VB_-湍 	aMWF1$C:6=$m{M&λ1Ǚ'>竇^={Ճ|6χ=}>_=ϧW}?Ճ|?3;#/3Ѯ8ۜ-$ݟWgd^X]5.7SP7?e=#2=^]CmRBvr_Xab5m^ϻ>/pMb/f؅""Ve/bҹ?zU gkD>b٨?0)q\[G!ZXLy",,,,,,,,,,,,,,
endstream,,,,,,,,,,,,,,
endobj,,,,,,,,,,,,,,
29 0 obj,,,,,,,,,,,,,,
<</Type /FontDescriptor,,,,,,,,,,,,,,
/FontName /Arial-BoldMT,,,,,,,,,,,,,,
/Flags 4,,,,,,,,,,,,,,
/Ascent 905.27344,,,,,,,,,,,,,,
/Descent 211.91406,,,,,,,,,,,,,,
/StemV 76.171875,,,,,,,,,,,,,,
/CapHeight 715.82031,,,,,,,,,,,,,,
/ItalicAngle 0,,,,,,,,,,,,,,
/FontBBox [-627.92969 -376.46484 2000 1055.66406],,,,,,,,,,,,,,
/FontFile2 28 0 R>>,,,,,,,,,,,,,,
endobj,,,,,,,,,,,,,,
30 0 obj,,,,,,,,,,,,,,
<</Type /Font,,,,,,,,,,,,,,
/FontDescriptor 29 0 R,,,,,,,,,,,,,,
/BaseFont /Arial-BoldMT,,,,,,,,,,,,,,
/Subtype /CIDFontType2,,,,,,,,,,,,,,
/CIDToGIDMap /Identity,,,,,,,,,,,,,,
/CIDSystemInfo <</Registry (Adobe),,,,,,,,,,,,,,
/Ordering (Identity),,,,,,,,,,,,,,
/Supplement 0>>,,,,,,,,,,,,,,
/W [0 [750 0 0 277.83203 0 0 556.15234] 16 [333.00781 277.83203] 18 28 556.15234 29 [333.00781] 30 34 583.98438 35 [975.09766] 36 41 722.16797 42 [777.83203 722.16797 277.83203 0 0 610.83984 833.00781 722.16797 777.83203 666.99219 0 722.16797 666.99219] 66 70 556.15234 71 [610.83984 556.15234 333.00781 610.83984 610.83984 277.83203 0 556.15234 277.83203 889.16016] 81 84 610.83984 85 [389.16016 556.15234 333.00781 610.83984 556.15234 0 0 556.15234]],,,,,,,,,,,,,,
/DW 0>>,,,,,,,,,,,,,,
endobj,,,,,,,,,,,,,,
31 0 obj,,,,,,,,,,,,,,
<</Filter /FlateDecode,,,,,,,,,,,,,,
/Length 341>> stream,,,,,,,,,,,,,,
"x]n0E|""GH",Pi?Cjː_3CR \aUk'A60N`nNUV·[^}m!(,,,,,,,,,,,,,
;Nnf.oN6_U㹹Y=EAY2?饵m,"DٶV~_Ok2>gL sr#m%\!(""JV*03.nf>;DT""eD1?""{3Q$8	)H(A8RZ!rV>yiGIIZ'Y{",,,,,,,,,,,,,
"RdG2	rVSA{",,,,,,,,,,,,,,
:<;P;$OsJ]Q_.c$2;mq`^,,,,,,,,,,,,,,
endstream,,,,,,,,,,,,,,
endobj,,,,,,,,,,,,,,
6 0 obj,,,,,,,,,,,,,,
<</Type /Font,,,,,,,,,,,,,,
/Subtype /Type0,,,,,,,,,,,,,,
/BaseFont /Arial-BoldMT,,,,,,,,,,,,,,
/Encoding /Identity-H,,,,,,,,,,,,,,
/DescendantFonts [30 0 R],,,,,,,,,,,,,,
/ToUnicode 31 0 R>>,,,,,,,,,,,,,,
endobj,,,,,,,,,,,,,,
xref,,,,,,,,,,,,,,
0 32,,,,,,,,,,,,,,
0000000000 65535 f ,,,,,,,,,,,,,,
0000000015 00000 n ,,,,,,,,,,,,,,
0000022270 00000 n ,,,,,,,,,,,,,,
0000000265 00000 n ,,,,,,,,,,,,,,
0000068428 00000 n ,,,,,,,,,,,,,,
0000000302 00000 n ,,,,,,,,,,,,,,
0000103356 00000 n ,,,,,,,,,,,,,,
0000000378 00000 n ,,,,,,,,,,,,,,
0000008185 00000 n ,,,,,,,,,,,,,,
0000009829 00000 n ,,,,,,,,,,,,,,
0000010002 00000 n ,,,,,,,,,,,,,,
0000010799 00000 n ,,,,,,,,,,,,,,
0000011448 00000 n ,,,,,,,,,,,,,,
0000014279 00000 n ,,,,,,,,,,,,,,
0000017437 00000 n ,,,,,,,,,,,,,,
0000017844 00000 n ,,,,,,,,,,,,,,
0000018022 00000 n ,,,,,,,,,,,,,,
0000018200 00000 n ,,,,,,,,,,,,,,
0000018385 00000 n ,,,,,,,,,,,,,,
0000018564 00000 n ,,,,,,,,,,,,,,
0000018799 00000 n ,,,,,,,,,,,,,,
0000018989 00000 n ,,,,,,,,,,,,,,
0000022656 00000 n ,,,,,,,,,,,,,,
0000022712 00000 n ,,,,,,,,,,,,,,
0000022761 00000 n ,,,,,,,,,,,,,,
0000066992 00000 n ,,,,,,,,,,,,,,
0000067220 00000 n ,,,,,,,,,,,,,,
0000068024 00000 n ,,,,,,,,,,,,,,
0000068560 00000 n ,,,,,,,,,,,,,,
0000102055 00000 n ,,,,,,,,,,,,,,
0000102288 00000 n ,,,,,,,,,,,,,,
0000102944 00000 n ,,,,,,,,,,,,,,
trailer,,,,,,,,,,,,,,
<</Size 32,,,,,,,,,,,,,,
/Root 23 0 R,,,,,,,,,,,,,,
/Info 1 0 R>>,,,,,,,,,,,,,,
startxref,,,,,,,,,,,,,,
103493,,,,,,,,,,,,,,
%%EOF,,,,,,,,,,,,,,
